{"pobj": [0.3431578992033945, 0.32546617545754214, 0.3109452139983174, 0.29889923462750606, 0.2863786451521533, 0.2753838945488625, 0.26610892653026125, 0.2562083599474715, 0.24581008376901825, 0.23489265286105865, 0.22397920614150948, 0.21288455789990002, 0.2014589634516155, 0.18974528659478543, 0.20452982208059944, 0.15984430151145346, 0.16913939099276512, 0.17194728730532222, 0.1739028804879874, 0.17545051506701964], "p": [1.079676918825021, 1.1623897580257179, 1.2499940475334739, 1.3442930278736345, 1.4458258326211972, 1.5547769297429204, 1.6716658499065402, 1.7974979368679218, 1.9332396436869963, 2.079939316248106, 2.2386045285305025, 2.410328652773792, 2.596466367168173, 2.7984040269599664, 2.993399164394436, 3.0, 3.0, 3.0, 3.0], "gray_level": [0.3043405993291345, 0.27448364049138335, 0.26236103322966675, 0.26308171748233433, 0.26395222315375017, 0.2622628891205207, 0.26055425039552566, 0.2614613552027205, 0.26383765998361225, 0.2674054440873101, 0.27131293996854877, 0.2754724144004256, 0.2804866445439408, 0.28583246176164473, 0.20674844805030848, 0.3005069627645975, 0.2931376126941344, 0.28784563736085245, 0.28344354154929124]}