{"pobj": [0.1862388661022079, 0.17190040687446298, 0.15969602715981224, 0.1503590840564154, 0.143934913431857, 0.13637142495887625, 0.128125348660685, 0.11946012142831229, 0.11062354584350699, 0.1079549402970052, 0.10825303993282975, 0.10839965811270541, 0.10850701375240754, 0.10865867280039415, 0.10891309721083206, 0.10919162359234724, 0.1094206238131637, 0.10959588935693333, 0.10974042089440995, 0.1099149951759892], "p": [1.0855573955318814, 1.1790719666342286, 1.2824774386903826, 1.3949210626624895, 1.5157513174091315, 1.6461543629026403, 1.787730385083458, 1.9419883692350945, 2.0, 2.0, 2.0, 2.0, 2.0, 2.0, 2.0, 2.0, 2.0, 2.0, 2.0], "gray_level": [0.36133069781648774, 0.3670015793103165, 0.3820258898015926, 0.3817958553448649, 0.37161106525379434, 0.3659163536616732, 0.36564725542606513, 0.3683805540494601, 0.3715546822178446, 0.37092488924506806, 0.36884818380069906, 0.3676122695432833, 0.3664512219732815, 0.3646607677468933, 0.36237417633940017, 0.36010976059320754, 0.3582568080502846, 0.35676004360460756, 0.3552397110099426]}