Longitud (m);Ancho de Puente (m);Sep Vigas Longitudinales (m);N° Paneles;Altura (m);Disposicion de Arriostre;Forma de Arriostre;Dim. Arriostre;Forma de Cordones;Dimension de Cordon Sup/Inf;Forma de Diagonales;Dim. Diag. S/I;Forma de Montante;Dim. Montante;Peso total (ton)
55;11.6;2.1;6;5.5;Cruz;T;150x150x12.5;Cajon HSS;400x410x19.0;Cajon HSS;380x390x16.0;Cajon HSS;200x200x12.5;119
55;11.6;2.1;6;5.5;Cruz;L;150x150x12.5;Cajon HSS;410x420x19.0;Cajon HSS;390x400x16.0;Cajon HSS;200x200x12.5;122.18
55;11.6;2.1;6;5.6;Cruz;T;150x150x12.5;Cajon HSS;420x430x19.0;Cajon HSS;400x410x16.0;Cajon HSS;200x200x12.5;125.46
55;11.6;2.1;6;5.6;Cruz;L;150x150x12.5;Cajon HSS;430x400x19.0;Cajon HSS;410x380x16.0;Cajon HSS;200x200x12.5;122.27
55;11.6;2.1;6;5.7;Cruz;T;150x150x12.5;Cajon HSS;400x410x19.0;Cajon HSS;380x390x16.0;Cajon HSS;200x200x12.5;119.17
55;11.6;2.1;6;5.7;Cruz;L;150x150x12.5;Cajon HSS;410x420x19.0;Cajon HSS;390x400x16.0;Cajon HSS;200x200x12.5;122.36
55;11.6;2.1;6;5.8;Cruz;T;150x150x12.5;Cajon HSS;420x430x19.0;Cajon HSS;400x410x16.0;Cajon HSS;200x200x12.5;125.64
55;11.6;2.1;6;5.8;Cruz;L;150x150x12.5;Cajon HSS;430x400x19.0;Cajon HSS;410x380x16.0;Cajon HSS;200x200x12.5;122.45
55;11.6;2.1;6;5.9;Cruz;T;150x150x12.5;Cajon HSS;400x410x19.0;Cajon HSS;380x390x16.0;Cajon HSS;200x200x12.5;119.35
55;11.6;2.1;6;5.9;Cruz;L;150x150x12.5;Cajon HSS;410x420x19.0;Cajon HSS;390x400x16.0;Cajon HSS;200x200x12.5;122.54
55;11.6;2.1;6;6;Cruz;T;150x150x12.5;Cajon HSS;420x430x19.0;Cajon HSS;400x410x16.0;Cajon HSS;200x200x12.5;125.82
55;11.6;2.1;6;6;Cruz;L;150x150x12.5;Cajon HSS;430x400x19.0;Cajon HSS;410x380x16.0;Cajon HSS;200x200x12.5;122.63
55;11.6;2.1;6;6.1;Cruz;T;150x150x12.5;Cajon HSS;400x410x19.0;Cajon HSS;380x390x16.0;Cajon HSS;200x200x12.5;119.52
55;11.6;2.1;6;6.1;Cruz;L;150x150x12.5;Cajon HSS;410x420x19.0;Cajon HSS;390x400x16.0;Cajon HSS;200x200x12.5;122.72
55;11.6;2.1;6;6.2;Cruz;T;150x150x12.5;Cajon HSS;420x430x19.0;Cajon HSS;400x410x16.0;Cajon HSS;200x200x12.5;126
55;11.6;2.1;6;6.2;Cruz;L;150x150x12.5;Cajon HSS;430x400x19.0;Cajon HSS;410x380x16.0;Cajon HSS;200x200x12.5;122.81
55;11.6;2.1;6;6.3;Cruz;T;150x150x12.5;Cajon HSS;400x410x19.0;Cajon HSS;380x390x16.0;Cajon HSS;200x200x12.5;119.69
55;11.6;2.1;6;6.3;Cruz;L;150x150x12.5;Cajon HSS;410x420x19.0;Cajon HSS;390x400x16.0;Cajon HSS;200x200x12.5;122.89
55;11.6;2.1;6;6.4;Cruz;T;150x150x12.5;Cajon HSS;420x430x19.0;Cajon HSS;400x410x16.0;Cajon HSS;200x200x12.5;126.19
55;11.6;2.1;6;6.4;Cruz;L;150x150x12.5;Cajon HSS;430x400x19.0;Cajon HSS;410x380x16.0;Cajon HSS;200x200x12.5;122.98
55;11.6;2.1;6;6.5;Cruz;T;150x150x12.5;Cajon HSS;400x410x19.0;Cajon HSS;380x390x16.0;Cajon HSS;200x200x12.5;119.87
55;11.6;2.1;6;6.5;Cruz;L;150x150x12.5;Cajon HSS;410x420x19.0;Cajon HSS;390x400x16.0;Cajon HSS;200x200x12.5;123.07
56;11.6;2.1;6;5.6;Cruz;T;150x150x12.5;Cajon HSS;423x433x19.0;Cajon HSS;400x410x16.0;Cajon HSS;200x200x12.5;128.04
56;11.6;2.1;6;5.6;Cruz;L;150x150x12.5;Cajon HSS;433x403x19.0;Cajon HSS;410x380x16.0;Cajon HSS;200x200x12.5;124.8
56;11.6;2.1;6;5.7;Cruz;T;150x150x12.5;Cajon HSS;403x413x19.0;Cajon HSS;380x390x16.0;Cajon HSS;200x200x12.5;121.64
56;11.6;2.1;6;5.7;Cruz;L;150x150x12.5;Cajon HSS;413x423x19.0;Cajon HSS;390x400x16.0;Cajon HSS;200x200x12.5;124.88
56;11.6;2.1;6;5.8;Cruz;T;150x150x12.5;Cajon HSS;423x433x19.0;Cajon HSS;400x410x16.0;Cajon HSS;200x200x12.5;128.22
56;11.6;2.1;6;5.8;Cruz;L;150x150x12.5;Cajon HSS;433x403x19.0;Cajon HSS;410x380x16.0;Cajon HSS;200x200x12.5;124.97
56;11.6;2.1;6;5.9;Cruz;T;150x150x12.5;Cajon HSS;403x413x19.0;Cajon HSS;380x390x16.0;Cajon HSS;200x200x12.5;121.81
56;11.6;2.1;6;5.9;Cruz;L;150x150x12.5;Cajon HSS;413x423x19.0;Cajon HSS;390x400x16.0;Cajon HSS;200x200x12.5;125.06
56;11.6;2.1;6;6;Cruz;T;150x150x12.5;Cajon HSS;423x433x19.0;Cajon HSS;400x410x16.0;Cajon HSS;200x200x12.5;128.41
56;11.6;2.1;6;6;Cruz;L;150x150x12.5;Cajon HSS;433x403x19.0;Cajon HSS;410x380x16.0;Cajon HSS;200x200x12.5;125.15
56;11.6;2.1;6;6.1;Cruz;T;150x150x12.5;Cajon HSS;403x413x19.0;Cajon HSS;380x390x16.0;Cajon HSS;200x200x12.5;121.99
56;11.6;2.1;6;6.1;Cruz;L;150x150x12.5;Cajon HSS;413x423x19.0;Cajon HSS;390x400x16.0;Cajon HSS;200x200x12.5;125.24
56;11.6;2.1;6;6.2;Cruz;T;150x150x12.5;Cajon HSS;423x433x19.0;Cajon HSS;400x410x16.0;Cajon HSS;200x200x12.5;128.59
56;11.6;2.1;6;6.2;Cruz;L;150x150x12.5;Cajon HSS;433x403x19.0;Cajon HSS;410x380x16.0;Cajon HSS;200x200x12.5;125.33
56;11.6;2.1;6;6.3;Cruz;T;150x150x12.5;Cajon HSS;403x413x19.0;Cajon HSS;380x390x16.0;Cajon HSS;200x200x12.5;122.16
56;11.6;2.1;6;6.3;Cruz;L;150x150x12.5;Cajon HSS;413x423x19.0;Cajon HSS;390x400x16.0;Cajon HSS;200x200x12.5;125.42
56;11.6;2.1;6;6.4;Cruz;T;150x150x12.5;Cajon HSS;423x433x19.0;Cajon HSS;400x410x16.0;Cajon HSS;200x200x12.5;128.77
56;11.6;2.1;6;6.4;Cruz;L;150x150x12.5;Cajon HSS;433x403x19.0;Cajon HSS;410x380x16.0;Cajon HSS;200x200x12.5;125.51
56;11.6;2.1;6;6.5;Cruz;T;150x150x12.5;Cajon HSS;403x413x19.0;Cajon HSS;380x390x16.0;Cajon HSS;200x200x12.5;122.33
56;11.6;2.1;6;6.5;Cruz;L;150x150x12.5;Cajon HSS;413x423x19.0;Cajon HSS;390x400x16.0;Cajon HSS;200x200x12.5;125.6
56;11.6;2.1;6;6.6;Cruz;T;150x150x12.5;Cajon HSS;423x433x19.0;Cajon HSS;400x410x16.0;Cajon HSS;200x200x12.5;128.95
56;11.6;2.1;6;6.6;Cruz;L;150x150x12.5;Cajon HSS;433x403x19.0;Cajon HSS;410x380x16.0;Cajon HSS;200x200x12.5;125.69
57;11.6;2.1;6;5.7;Cruz;T;150x150x12.5;Cajon HSS;406x416x19.0;Cajon HSS;390x400x16.0;Cajon HSS;200x200x12.5;126.49
57;11.6;2.1;6;5.7;Cruz;L;150x150x12.5;Cajon HSS;416x426x19.0;Cajon HSS;400x400x16.0;Cajon HSS;200x200x12.5;128.61
57;11.6;2.1;6;5.8;Cruz;T;150x150x12.5;Cajon HSS;426x436x19.0;Cajon HSS;400x410x16.0;Cajon HSS;200x200x12.5;130.82
57;11.6;2.1;6;5.8;Cruz;L;150x150x12.5;Cajon HSS;436x406x19.0;Cajon HSS;410x390x16.0;Cajon HSS;200x200x12.5;128.7
57;11.6;2.1;6;5.9;Cruz;T;150x150x12.5;Cajon HSS;406x416x19.0;Cajon HSS;390x400x16.0;Cajon HSS;200x200x12.5;126.66
57;11.6;2.1;6;5.9;Cruz;L;150x150x12.5;Cajon HSS;416x426x19.0;Cajon HSS;400x400x16.0;Cajon HSS;200x200x12.5;128.79
57;11.6;2.1;6;6;Cruz;T;150x150x12.5;Cajon HSS;426x436x19.0;Cajon HSS;400x410x16.0;Cajon HSS;200x200x12.5;131
57;11.6;2.1;6;6;Cruz;L;150x150x12.5;Cajon HSS;436x406x19.0;Cajon HSS;410x390x16.0;Cajon HSS;200x200x12.5;128.88
57;11.6;2.1;6;6.1;Cruz;T;150x150x12.5;Cajon HSS;406x416x19.0;Cajon HSS;390x400x16.0;Cajon HSS;200x200x12.5;126.84
57;11.6;2.1;6;6.1;Cruz;L;150x150x12.5;Cajon HSS;416x426x19.0;Cajon HSS;400x400x16.0;Cajon HSS;200x200x12.5;128.97
57;11.6;2.1;6;6.2;Cruz;T;150x150x12.5;Cajon HSS;426x436x19.0;Cajon HSS;400x410x16.0;Cajon HSS;200x200x12.5;131.19
57;11.6;2.1;6;6.2;Cruz;L;150x150x12.5;Cajon HSS;436x406x19.0;Cajon HSS;410x390x16.0;Cajon HSS;200x200x12.5;129.06
57;11.6;2.1;6;6.3;Cruz;T;150x150x12.5;Cajon HSS;406x416x19.0;Cajon HSS;390x400x16.0;Cajon HSS;200x200x12.5;127.02
57;11.6;2.1;6;6.3;Cruz;L;150x150x12.5;Cajon HSS;416x426x19.0;Cajon HSS;400x400x16.0;Cajon HSS;200x200x12.5;129.15
57;11.6;2.1;6;6.4;Cruz;T;150x150x12.5;Cajon HSS;426x436x19.0;Cajon HSS;400x410x16.0;Cajon HSS;200x200x12.5;131.37
57;11.6;2.1;6;6.4;Cruz;L;150x150x12.5;Cajon HSS;436x406x19.0;Cajon HSS;410x390x16.0;Cajon HSS;200x200x12.5;129.24
57;11.6;2.1;6;6.5;Cruz;T;150x150x12.5;Cajon HSS;406x416x19.0;Cajon HSS;390x400x16.0;Cajon HSS;200x200x12.5;127.2
57;11.6;2.1;6;6.5;Cruz;L;150x150x12.5;Cajon HSS;416x426x19.0;Cajon HSS;400x400x16.0;Cajon HSS;200x200x12.5;129.33
57;11.6;2.1;6;6.6;Cruz;T;150x150x12.5;Cajon HSS;426x436x19.0;Cajon HSS;400x410x16.0;Cajon HSS;200x200x12.5;131.55
57;11.6;2.1;6;6.6;Cruz;L;150x150x12.5;Cajon HSS;436x406x19.0;Cajon HSS;410x390x16.0;Cajon HSS;200x200x12.5;129.42
57;11.6;2.1;6;6.7;Cruz;T;150x150x12.5;Cajon HSS;406x416x19.0;Cajon HSS;390x400x16.0;Cajon HSS;200x200x12.5;127.37
57;11.6;2.1;6;6.7;Cruz;L;150x150x12.5;Cajon HSS;416x426x19.0;Cajon HSS;400x400x16.0;Cajon HSS;200x200x12.5;129.51
58;11.6;2.1;6;5.8;Cruz;T;150x150x12.5;Cajon HSS;429x439x19.0;Cajon HSS;410x420x16.0;Cajon HSS;210x210x12.5;135.84
58;11.6;2.1;6;5.8;Cruz;L;150x150x12.5;Cajon HSS;439x409x19.0;Cajon HSS;420x390x16.0;Cajon HSS;210x210x12.5;132.48
58;11.6;2.1;6;5.9;Cruz;T;150x150x12.5;Cajon HSS;409x419x19.0;Cajon HSS;390x400x16.0;Cajon HSS;210x210x12.5;129.2
58;11.6;2.1;6;5.9;Cruz;L;150x150x12.5;Cajon HSS;419x429x19.0;Cajon HSS;400x410x16.0;Cajon HSS;210x210x12.5;132.57
58;11.6;2.1;6;6;Cruz;T;150x150x12.5;Cajon HSS;429x439x19.0;Cajon HSS;410x420x16.0;Cajon HSS;210x210x12.5;136.03
58;11.6;2.1;6;6;Cruz;L;150x150x12.5;Cajon HSS;439x409x19.0;Cajon HSS;420x390x16.0;Cajon HSS;210x210x12.5;132.66
58;11.6;2.1;6;6.1;Cruz;T;150x150x12.5;Cajon HSS;409x419x19.0;Cajon HSS;390x400x16.0;Cajon HSS;210x210x12.5;129.38
58;11.6;2.1;6;6.1;Cruz;L;150x150x12.5;Cajon HSS;419x429x19.0;Cajon HSS;400x410x16.0;Cajon HSS;210x210x12.5;132.75
58;11.6;2.1;6;6.2;Cruz;T;150x150x12.5;Cajon HSS;429x439x19.0;Cajon HSS;410x420x16.0;Cajon HSS;210x210x12.5;136.22
58;11.6;2.1;6;6.2;Cruz;L;150x150x12.5;Cajon HSS;439x409x19.0;Cajon HSS;420x390x16.0;Cajon HSS;210x210x12.5;132.84
58;11.6;2.1;6;6.3;Cruz;T;150x150x12.5;Cajon HSS;409x419x19.0;Cajon HSS;390x400x16.0;Cajon HSS;210x210x12.5;129.55
58;11.6;2.1;6;6.3;Cruz;L;150x150x12.5;Cajon HSS;419x429x19.0;Cajon HSS;400x410x16.0;Cajon HSS;210x210x12.5;132.93
58;11.6;2.1;6;6.4;Cruz;T;150x150x12.5;Cajon HSS;429x439x19.0;Cajon HSS;410x420x16.0;Cajon HSS;210x210x12.5;136.4
58;11.6;2.1;6;6.4;Cruz;L;150x150x12.5;Cajon HSS;439x409x19.0;Cajon HSS;420x390x16.0;Cajon HSS;210x210x12.5;133.02
58;11.6;2.1;6;6.5;Cruz;T;150x150x12.5;Cajon HSS;409x419x19.0;Cajon HSS;390x400x16.0;Cajon HSS;210x210x12.5;129.73
58;11.6;2.1;6;6.5;Cruz;L;150x150x12.5;Cajon HSS;419x429x19.0;Cajon HSS;400x410x16.0;Cajon HSS;210x210x12.5;133.12
58;11.6;2.1;6;6.6;Cruz;T;150x150x12.5;Cajon HSS;429x439x19.0;Cajon HSS;410x420x16.0;Cajon HSS;210x210x12.5;136.59
58;11.6;2.1;6;6.6;Cruz;L;150x150x12.5;Cajon HSS;439x409x19.0;Cajon HSS;420x390x16.0;Cajon HSS;210x210x12.5;133.21
58;11.6;2.1;6;6.7;Cruz;T;150x150x12.5;Cajon HSS;409x419x19.0;Cajon HSS;390x400x16.0;Cajon HSS;210x210x12.5;129.91
58;11.6;2.1;6;6.7;Cruz;L;150x150x12.5;Cajon HSS;419x429x19.0;Cajon HSS;400x410x16.0;Cajon HSS;210x210x12.5;133.3
58;11.6;2.1;6;6.8;Cruz;T;150x150x12.5;Cajon HSS;429x439x19.0;Cajon HSS;410x420x16.0;Cajon HSS;210x210x12.5;136.78
58;11.6;2.1;6;6.8;Cruz;L;150x150x12.5;Cajon HSS;439x409x19.0;Cajon HSS;420x390x16.0;Cajon HSS;210x210x12.5;133.39
59;11.6;2.1;6;5.9;Cruz;T;150x150x12.5;Cajon HSS;412x422x19.0;Cajon HSS;390x400x16.0;Cajon HSS;210x210x12.5;131.75
59;11.6;2.1;6;5.9;Cruz;L;150x150x12.5;Cajon HSS;422x432x19.0;Cajon HSS;400x410x16.0;Cajon HSS;210x210x12.5;135.18
59;11.6;2.1;6;6;Cruz;T;150x150x12.5;Cajon HSS;432x442x19.0;Cajon HSS;410x420x16.0;Cajon HSS;210x210x12.5;138.7
59;11.6;2.1;6;6;Cruz;L;150x150x12.5;Cajon HSS;442x412x25.0;Cajon HSS;420x390x19.0;Cajon HSS;210x210x12.5;164.08
59;11.6;2.1;6;6.1;Cruz;T;150x150x12.5;Cajon HSS;412x422x19.0;Cajon HSS;390x400x16.0;Cajon HSS;210x210x12.5;131.93
59;11.6;2.1;6;6.1;Cruz;L;150x150x12.5;Cajon HSS;422x432x19.0;Cajon HSS;400x410x16.0;Cajon HSS;210x210x12.5;135.36
59;11.6;2.1;6;6.2;Cruz;T;150x150x12.5;Cajon HSS;432x442x19.0;Cajon HSS;410x420x16.0;Cajon HSS;210x210x12.5;138.89
59;11.6;2.1;6;6.2;Cruz;L;150x150x12.5;Cajon HSS;442x412x25.0;Cajon HSS;420x390x19.0;Cajon HSS;210x210x12.5;164.3
59;11.6;2.1;6;6.3;Cruz;T;150x150x12.5;Cajon HSS;412x422x19.0;Cajon HSS;390x400x16.0;Cajon HSS;210x210x12.5;132.11
59;11.6;2.1;6;6.3;Cruz;L;150x150x12.5;Cajon HSS;422x432x19.0;Cajon HSS;400x410x16.0;Cajon HSS;210x210x12.5;135.54
59;11.6;2.1;6;6.4;Cruz;T;150x150x12.5;Cajon HSS;432x442x19.0;Cajon HSS;410x420x16.0;Cajon HSS;210x210x12.5;139.07
59;11.6;2.1;6;6.4;Cruz;L;150x150x12.5;Cajon HSS;442x412x25.0;Cajon HSS;420x390x19.0;Cajon HSS;210x210x12.5;164.52
59;11.6;2.1;6;6.5;Cruz;T;150x150x12.5;Cajon HSS;412x422x19.0;Cajon HSS;390x400x16.0;Cajon HSS;210x210x12.5;132.28
59;11.6;2.1;6;6.5;Cruz;L;150x150x12.5;Cajon HSS;422x432x19.0;Cajon HSS;400x410x16.0;Cajon HSS;210x210x12.5;135.73
59;11.6;2.1;6;6.6;Cruz;T;150x150x12.5;Cajon HSS;432x442x19.0;Cajon HSS;410x420x16.0;Cajon HSS;210x210x12.5;139.26
59;11.6;2.1;6;6.6;Cruz;L;150x150x12.5;Cajon HSS;442x412x25.0;Cajon HSS;420x390x19.0;Cajon HSS;210x210x12.5;164.74
59;11.6;2.1;6;6.7;Cruz;T;150x150x12.5;Cajon HSS;412x422x19.0;Cajon HSS;390x400x16.0;Cajon HSS;210x210x12.5;132.46
59;11.6;2.1;6;6.7;Cruz;L;150x150x12.5;Cajon HSS;422x432x19.0;Cajon HSS;400x410x16.0;Cajon HSS;210x210x12.5;135.91
59;11.6;2.1;6;6.8;Cruz;T;150x150x12.5;Cajon HSS;432x442x19.0;Cajon HSS;410x420x16.0;Cajon HSS;210x210x12.5;139.45
59;11.6;2.1;6;6.8;Cruz;L;150x150x12.5;Cajon HSS;442x412x25.0;Cajon HSS;420x390x19.0;Cajon HSS;210x210x12.5;164.97
59;11.6;2.1;6;6.9;Cruz;T;150x150x12.5;Cajon HSS;412x422x19.0;Cajon HSS;390x400x16.0;Cajon HSS;210x210x12.5;132.64
59;11.6;2.1;6;6.9;Cruz;L;150x150x12.5;Cajon HSS;422x432x19.0;Cajon HSS;400x410x16.0;Cajon HSS;210x210x12.5;136.09
60;11.6;2.1;6;6;Cruz;T;150x150x12.5;Cajon HSS;435x445x19.0;Cajon HSS;410x420x16.0;Cajon HSS;210x210x12.5;141.38
60;11.6;2.1;6;6;Cruz;L;150x150x12.5;Cajon HSS;445x415x25.0;Cajon HSS;420x390x19.0;Cajon HSS;210x210x12.5;167.29
60;11.6;2.1;6;6.1;Cruz;T;150x150x12.5;Cajon HSS;415x425x19.0;Cajon HSS;390x400x16.0;Cajon HSS;210x210x12.5;134.49
60;11.6;2.1;6;6.1;Cruz;L;150x150x12.5;Cajon HSS;425x435x19.0;Cajon HSS;400x410x16.0;Cajon HSS;210x210x12.5;137.98
60;11.6;2.1;6;6.2;Cruz;T;150x150x12.5;Cajon HSS;435x445x19.0;Cajon HSS;410x420x16.0;Cajon HSS;210x210x12.5;141.57
60;11.6;2.1;6;6.2;Cruz;L;150x150x12.5;Cajon HSS;445x415x25.0;Cajon HSS;420x390x19.0;Cajon HSS;210x210x12.5;167.51
60;11.6;2.1;6;6.3;Cruz;T;150x150x12.5;Cajon HSS;415x425x19.0;Cajon HSS;390x400x16.0;Cajon HSS;210x210x12.5;134.67
60;11.6;2.1;6;6.3;Cruz;L;150x150x12.5;Cajon HSS;425x435x19.0;Cajon HSS;400x410x16.0;Cajon HSS;210x210x12.5;138.17
60;11.6;2.1;6;6.4;Cruz;T;150x150x12.5;Cajon HSS;435x445x19.0;Cajon HSS;410x420x16.0;Cajon HSS;210x210x12.5;141.76
60;11.6;2.1;6;6.4;Cruz;L;150x150x12.5;Cajon HSS;445x415x25.0;Cajon HSS;420x390x19.0;Cajon HSS;210x210x12.5;167.74
60;11.6;2.1;6;6.5;Cruz;T;150x150x12.5;Cajon HSS;415x425x19.0;Cajon HSS;390x400x16.0;Cajon HSS;210x210x12.5;134.85
60;11.6;2.1;6;6.5;Cruz;L;150x150x12.5;Cajon HSS;425x435x19.0;Cajon HSS;400x410x16.0;Cajon HSS;210x210x12.5;138.35
60;11.6;2.1;6;6.6;Cruz;T;150x150x12.5;Cajon HSS;435x445x19.0;Cajon HSS;410x420x16.0;Cajon HSS;210x210x12.5;141.94
60;11.6;2.1;6;6.6;Cruz;L;150x150x12.5;Cajon HSS;445x415x25.0;Cajon HSS;420x390x19.0;Cajon HSS;210x210x12.5;167.96
60;11.6;2.1;6;6.7;Cruz;T;150x150x12.5;Cajon HSS;415x425x19.0;Cajon HSS;390x400x16.0;Cajon HSS;210x210x12.5;135.03
60;11.6;2.1;6;6.7;Cruz;L;150x150x12.5;Cajon HSS;425x435x19.0;Cajon HSS;400x410x16.0;Cajon HSS;210x210x12.5;138.53
60;11.6;2.1;6;6.8;Cruz;T;150x150x12.5;Cajon HSS;435x445x19.0;Cajon HSS;410x420x16.0;Cajon HSS;210x210x12.5;142.13
60;11.6;2.1;6;6.8;Cruz;L;150x150x12.5;Cajon HSS;445x415x25.0;Cajon HSS;420x390x19.0;Cajon HSS;210x210x12.5;168.18
60;11.6;2.1;6;6.9;Cruz;T;150x150x12.5;Cajon HSS;415x425x19.0;Cajon HSS;390x400x16.0;Cajon HSS;210x210x12.5;135.21
60;11.6;2.1;6;6.9;Cruz;L;150x150x12.5;Cajon HSS;425x435x19.0;Cajon HSS;400x410x16.0;Cajon HSS;210x210x12.5;138.72
60;11.6;2.1;6;7;Cruz;T;150x150x12.5;Cajon HSS;435x445x19.0;Cajon HSS;410x420x16.0;Cajon HSS;210x210x12.5;142.32
60;11.6;2.1;6;7;Cruz;L;150x150x12.5;Cajon HSS;445x415x25.0;Cajon HSS;420x390x19.0;Cajon HSS;210x210x12.5;168.41
61;11.6;2.1;6;6.1;Cruz;T;150x150x12.5;Cajon HSS;418x428x19.0;Cajon HSS;400x410x16.0;Cajon HSS;210x210x12.5;139.61
61;11.6;2.1;6;6.1;Cruz;L;150x150x12.5;Cajon HSS;428x438x19.0;Cajon HSS;410x420x16.0;Cajon HSS;210x210x12.5;143.16
61;11.6;2.1;6;6.2;Cruz;T;150x150x12.5;Cajon HSS;438x448x19.0;Cajon HSS;420x430x16.0;Cajon HSS;210x210x12.5;146.81
61;11.6;2.1;6;6.2;Cruz;L;150x150x12.5;Cajon HSS;448x418x25.0;Cajon HSS;430x400x19.0;Cajon HSS;210x210x12.5;173.77
61;11.6;2.1;6;6.3;Cruz;T;150x150x12.5;Cajon HSS;418x428x19.0;Cajon HSS;400x410x16.0;Cajon HSS;210x210x12.5;139.8
61;11.6;2.1;6;6.3;Cruz;L;150x150x12.5;Cajon HSS;428x438x19.0;Cajon HSS;410x420x16.0;Cajon HSS;210x210x12.5;143.35
61;11.6;2.1;6;6.4;Cruz;T;150x150x12.5;Cajon HSS;438x448x19.0;Cajon HSS;420x430x16.0;Cajon HSS;210x210x12.5;147
61;11.6;2.1;6;6.4;Cruz;L;150x150x12.5;Cajon HSS;448x418x25.0;Cajon HSS;430x400x19.0;Cajon HSS;210x210x12.5;173.99
61;11.6;2.1;6;6.5;Cruz;T;150x150x12.5;Cajon HSS;418x428x19.0;Cajon HSS;400x410x16.0;Cajon HSS;210x210x12.5;139.98
61;11.6;2.1;6;6.5;Cruz;L;150x150x12.5;Cajon HSS;428x438x19.0;Cajon HSS;410x420x16.0;Cajon HSS;210x210x12.5;143.54
61;11.6;2.1;6;6.6;Cruz;T;150x150x12.5;Cajon HSS;438x448x19.0;Cajon HSS;420x430x16.0;Cajon HSS;210x210x12.5;147.19
61;11.6;2.1;6;6.6;Cruz;L;150x150x12.5;Cajon HSS;448x418x25.0;Cajon HSS;430x400x19.0;Cajon HSS;210x210x12.5;174.22
61;11.6;2.1;6;6.7;Cruz;T;150x150x12.5;Cajon HSS;418x428x19.0;Cajon HSS;400x410x16.0;Cajon HSS;210x210x12.5;140.16
61;11.6;2.1;6;6.7;Cruz;L;150x150x12.5;Cajon HSS;428x438x19.0;Cajon HSS;410x420x16.0;Cajon HSS;210x210x12.5;143.73
61;11.6;2.1;6;6.8;Cruz;T;150x150x12.5;Cajon HSS;438x448x19.0;Cajon HSS;420x430x16.0;Cajon HSS;210x210x12.5;147.39
61;11.6;2.1;6;6.8;Cruz;L;150x150x12.5;Cajon HSS;448x418x25.0;Cajon HSS;430x400x19.0;Cajon HSS;210x210x12.5;174.45
61;11.6;2.1;6;6.9;Cruz;T;150x150x12.5;Cajon HSS;418x428x19.0;Cajon HSS;400x410x16.0;Cajon HSS;210x210x12.5;140.35
61;11.6;2.1;6;6.9;Cruz;L;150x150x12.5;Cajon HSS;428x438x19.0;Cajon HSS;410x420x16.0;Cajon HSS;210x210x12.5;143.91
61;11.6;2.1;6;7;Cruz;T;150x150x12.5;Cajon HSS;438x448x19.0;Cajon HSS;420x430x16.0;Cajon HSS;210x210x12.5;147.58
61;11.6;2.1;6;7;Cruz;L;150x150x12.5;Cajon HSS;448x418x25.0;Cajon HSS;430x400x19.0;Cajon HSS;210x210x12.5;174.68
61;11.6;2.1;6;7.1;Cruz;T;150x150x12.5;Cajon HSS;418x428x19.0;Cajon HSS;400x410x16.0;Cajon HSS;210x210x12.5;140.53
61;11.6;2.1;6;7.1;Cruz;L;150x150x12.5;Cajon HSS;428x438x19.0;Cajon HSS;410x420x16.0;Cajon HSS;210x210x12.5;144.1
62;11.6;2.1;6;6.2;Cruz;T;150x150x12.5;Cajon HSS;441x451x25.0;Cajon HSS;420x430x19.0;Cajon HSS;210x210x12.5;181.49
62;11.6;2.1;6;6.2;Cruz;L;150x150x12.5;Cajon HSS;451x421x25.0;Cajon HSS;430x400x19.0;Cajon HSS;210x210x12.5;177.07
62;11.6;2.1;6;6.3;Cruz;T;150x150x12.5;Cajon HSS;421x431x19.0;Cajon HSS;400x410x16.0;Cajon HSS;210x210x12.5;142.43
62;11.6;2.1;6;6.3;Cruz;L;150x150x12.5;Cajon HSS;431x441x19.0;Cajon HSS;410x420x16.0;Cajon HSS;210x210x12.5;146.05
62;11.6;2.1;6;6.4;Cruz;T;150x150x12.5;Cajon HSS;441x451x25.0;Cajon HSS;420x430x19.0;Cajon HSS;210x210x12.5;181.72
62;11.6;2.1;6;6.4;Cruz;L;150x150x12.5;Cajon HSS;451x421x25.0;Cajon HSS;430x400x19.0;Cajon HSS;210x210x12.5;177.29
62;11.6;2.1;6;6.5;Cruz;T;150x150x12.5;Cajon HSS;421x431x19.0;Cajon HSS;400x410x16.0;Cajon HSS;210x210x12.5;142.61
62;11.6;2.1;6;6.5;Cruz;L;150x150x12.5;Cajon HSS;431x441x19.0;Cajon HSS;410x420x16.0;Cajon HSS;210x210x12.5;146.23
62;11.6;2.1;6;6.6;Cruz;T;150x150x12.5;Cajon HSS;441x451x25.0;Cajon HSS;420x430x19.0;Cajon HSS;210x210x12.5;181.95
62;11.6;2.1;6;6.6;Cruz;L;150x150x12.5;Cajon HSS;451x421x25.0;Cajon HSS;430x400x19.0;Cajon HSS;210x210x12.5;177.52
62;11.6;2.1;6;6.7;Cruz;T;150x150x12.5;Cajon HSS;421x431x19.0;Cajon HSS;400x410x16.0;Cajon HSS;210x210x12.5;142.8
62;11.6;2.1;6;6.7;Cruz;L;150x150x12.5;Cajon HSS;431x441x19.0;Cajon HSS;410x420x16.0;Cajon HSS;210x210x12.5;146.42
62;11.6;2.1;6;6.8;Cruz;T;150x150x12.5;Cajon HSS;441x451x25.0;Cajon HSS;420x430x19.0;Cajon HSS;210x210x12.5;182.19
62;11.6;2.1;6;6.8;Cruz;L;150x150x12.5;Cajon HSS;451x421x25.0;Cajon HSS;430x400x19.0;Cajon HSS;210x210x12.5;177.75
62;11.6;2.1;6;6.9;Cruz;T;150x150x12.5;Cajon HSS;421x431x19.0;Cajon HSS;400x410x16.0;Cajon HSS;210x210x12.5;142.98
62;11.6;2.1;6;6.9;Cruz;L;150x150x12.5;Cajon HSS;431x441x19.0;Cajon HSS;410x420x16.0;Cajon HSS;210x210x12.5;146.61
62;11.6;2.1;6;7;Cruz;T;150x150x12.5;Cajon HSS;441x451x25.0;Cajon HSS;420x430x19.0;Cajon HSS;210x210x12.5;182.42
62;11.6;2.1;6;7;Cruz;L;150x150x12.5;Cajon HSS;451x421x25.0;Cajon HSS;430x400x19.0;Cajon HSS;210x210x12.5;177.98
62;11.6;2.1;6;7.1;Cruz;T;150x150x12.5;Cajon HSS;421x431x19.0;Cajon HSS;400x410x16.0;Cajon HSS;210x210x12.5;143.17
62;11.6;2.1;6;7.1;Cruz;L;150x150x12.5;Cajon HSS;431x441x19.0;Cajon HSS;410x420x16.0;Cajon HSS;210x210x12.5;146.8
62;11.6;2.1;6;7.2;Cruz;T;150x150x12.5;Cajon HSS;441x451x25.0;Cajon HSS;420x430x19.0;Cajon HSS;210x210x12.5;182.66
62;11.6;2.1;6;7.2;Cruz;L;150x150x12.5;Cajon HSS;451x421x25.0;Cajon HSS;430x400x19.0;Cajon HSS;210x210x12.5;178.21
63;11.6;2.1;6;6.3;Cruz;T;150x150x12.5;Cajon HSS;424x434x19.0;Cajon HSS;400x410x16.0;Cajon HSS;220x220x12.5;145.08
63;11.6;2.1;6;6.3;Cruz;L;150x150x12.5;Cajon HSS;434x444x19.0;Cajon HSS;410x420x16.0;Cajon HSS;220x220x12.5;148.75
63;11.6;2.1;6;6.4;Cruz;T;150x150x12.5;Cajon HSS;444x454x25.0;Cajon HSS;420x430x19.0;Cajon HSS;220x220x12.5;185.11
63;11.6;2.1;6;6.4;Cruz;L;150x150x12.5;Cajon HSS;454x424x25.0;Cajon HSS;430x400x19.0;Cajon HSS;220x220x12.5;180.61
63;11.6;2.1;6;6.5;Cruz;T;150x150x12.5;Cajon HSS;424x434x19.0;Cajon HSS;400x410x16.0;Cajon HSS;220x220x12.5;145.26
63;11.6;2.1;6;6.5;Cruz;L;150x150x12.5;Cajon HSS;434x444x19.0;Cajon HSS;410x420x16.0;Cajon HSS;220x220x12.5;148.94
63;11.6;2.1;6;6.6;Cruz;T;150x150x12.5;Cajon HSS;444x454x25.0;Cajon HSS;420x430x19.0;Cajon HSS;220x220x12.5;185.35
63;11.6;2.1;6;6.6;Cruz;L;150x150x12.5;Cajon HSS;454x424x25.0;Cajon HSS;430x400x19.0;Cajon HSS;220x220x12.5;180.84
63;11.6;2.1;6;6.7;Cruz;T;150x150x12.5;Cajon HSS;424x434x19.0;Cajon HSS;400x410x16.0;Cajon HSS;220x220x12.5;145.45
63;11.6;2.1;6;6.7;Cruz;L;150x150x12.5;Cajon HSS;434x444x19.0;Cajon HSS;410x420x16.0;Cajon HSS;220x220x12.5;149.13
63;11.6;2.1;6;6.8;Cruz;T;150x150x12.5;Cajon HSS;444x454x25.0;Cajon HSS;420x430x19.0;Cajon HSS;220x220x12.5;185.58
63;11.6;2.1;6;6.8;Cruz;L;150x150x12.5;Cajon HSS;454x424x25.0;Cajon HSS;430x400x19.0;Cajon HSS;220x220x12.5;181.07
63;11.6;2.1;6;6.9;Cruz;T;150x150x12.5;Cajon HSS;424x434x19.0;Cajon HSS;400x410x16.0;Cajon HSS;220x220x12.5;145.63
63;11.6;2.1;6;6.9;Cruz;L;150x150x12.5;Cajon HSS;434x444x19.0;Cajon HSS;410x420x16.0;Cajon HSS;220x220x12.5;149.32
63;11.6;2.1;6;7;Cruz;T;150x150x12.5;Cajon HSS;444x454x25.0;Cajon HSS;420x430x19.0;Cajon HSS;220x220x12.5;185.82
63;11.6;2.1;6;7;Cruz;L;150x150x12.5;Cajon HSS;454x424x25.0;Cajon HSS;430x400x19.0;Cajon HSS;220x220x12.5;181.3
63;11.6;2.1;6;7.1;Cruz;T;150x150x12.5;Cajon HSS;424x434x19.0;Cajon HSS;400x410x16.0;Cajon HSS;220x220x12.5;145.82
63;11.6;2.1;6;7.1;Cruz;L;150x150x12.5;Cajon HSS;434x444x19.0;Cajon HSS;410x420x16.0;Cajon HSS;220x220x12.5;149.51
63;11.6;2.1;6;7.2;Cruz;T;150x150x12.5;Cajon HSS;444x454x25.0;Cajon HSS;420x430x19.0;Cajon HSS;220x220x12.5;186.05
63;11.6;2.1;6;7.2;Cruz;L;150x150x12.5;Cajon HSS;454x424x25.0;Cajon HSS;430x400x19.0;Cajon HSS;220x220x12.5;181.53
63;11.6;2.1;6;7.3;Cruz;T;150x150x12.5;Cajon HSS;424x434x19.0;Cajon HSS;400x410x16.0;Cajon HSS;220x220x12.5;146
63;11.6;2.1;6;7.3;Cruz;L;150x150x12.5;Cajon HSS;434x444x19.0;Cajon HSS;410x420x16.0;Cajon HSS;220x220x12.5;149.7
64;11.6;2.1;6;6.4;Cruz;T;150x150x12.5;Cajon HSS;447x457x25.0;Cajon HSS;420x430x19.0;Cajon HSS;220x220x12.5;188.52
64;11.6;2.1;6;6.4;Cruz;L;150x150x12.5;Cajon HSS;457x427x25.0;Cajon HSS;430x410x19.0;Cajon HSS;220x220x12.5;185.54
64;11.6;2.1;6;6.5;Cruz;T;150x150x12.5;Cajon HSS;427x437x19.0;Cajon HSS;410x420x16.0;Cajon HSS;220x220x12.5;150.61
64;11.6;2.1;6;6.5;Cruz;L;150x150x12.5;Cajon HSS;437x447x19.0;Cajon HSS;420x420x16.0;Cajon HSS;220x220x12.5;153
64;11.6;2.1;6;6.6;Cruz;T;150x150x12.5;Cajon HSS;447x457x25.0;Cajon HSS;420x430x19.0;Cajon HSS;220x220x12.5;188.76
64;11.6;2.1;6;6.6;Cruz;L;150x150x12.5;Cajon HSS;457x427x25.0;Cajon HSS;430x410x19.0;Cajon HSS;220x220x12.5;185.77
64;11.6;2.1;6;6.7;Cruz;T;150x150x12.5;Cajon HSS;427x437x19.0;Cajon HSS;410x420x16.0;Cajon HSS;220x220x12.5;150.79
64;11.6;2.1;6;6.7;Cruz;L;150x150x12.5;Cajon HSS;437x447x19.0;Cajon HSS;420x420x16.0;Cajon HSS;220x220x12.5;153.2
64;11.6;2.1;6;6.8;Cruz;T;150x150x12.5;Cajon HSS;447x457x25.0;Cajon HSS;420x430x19.0;Cajon HSS;220x220x12.5;188.99
64;11.6;2.1;6;6.8;Cruz;L;150x150x12.5;Cajon HSS;457x427x25.0;Cajon HSS;430x410x19.0;Cajon HSS;220x220x12.5;186
64;11.6;2.1;6;6.9;Cruz;T;150x150x12.5;Cajon HSS;427x437x19.0;Cajon HSS;410x420x16.0;Cajon HSS;220x220x12.5;150.98
64;11.6;2.1;6;6.9;Cruz;L;150x150x12.5;Cajon HSS;437x447x19.0;Cajon HSS;420x420x16.0;Cajon HSS;220x220x12.5;153.39
64;11.6;2.1;6;7;Cruz;T;150x150x12.5;Cajon HSS;447x457x25.0;Cajon HSS;420x430x19.0;Cajon HSS;220x220x12.5;189.23
64;11.6;2.1;6;7;Cruz;L;150x150x12.5;Cajon HSS;457x427x25.0;Cajon HSS;430x410x19.0;Cajon HSS;220x220x12.5;186.23
64;11.6;2.1;6;7.1;Cruz;T;150x150x12.5;Cajon HSS;427x437x19.0;Cajon HSS;410x420x16.0;Cajon HSS;220x220x12.5;151.17
64;11.6;2.1;6;7.1;Cruz;L;150x150x12.5;Cajon HSS;437x447x19.0;Cajon HSS;420x420x16.0;Cajon HSS;220x220x12.5;153.58
64;11.6;2.1;6;7.2;Cruz;T;150x150x12.5;Cajon HSS;447x457x25.0;Cajon HSS;420x430x19.0;Cajon HSS;220x220x12.5;189.46
64;11.6;2.1;6;7.2;Cruz;L;150x150x12.5;Cajon HSS;457x427x25.0;Cajon HSS;430x410x19.0;Cajon HSS;220x220x12.5;186.47
64;11.6;2.1;6;7.3;Cruz;T;150x150x12.5;Cajon HSS;427x437x19.0;Cajon HSS;410x420x16.0;Cajon HSS;220x220x12.5;151.36
64;11.6;2.1;6;7.3;Cruz;L;150x150x12.5;Cajon HSS;437x447x19.0;Cajon HSS;420x420x16.0;Cajon HSS;220x220x12.5;153.77
64;11.6;2.1;6;7.4;Cruz;T;150x150x12.5;Cajon HSS;447x457x25.0;Cajon HSS;420x430x19.0;Cajon HSS;220x220x12.5;189.7
64;11.6;2.1;6;7.4;Cruz;L;150x150x12.5;Cajon HSS;457x427x25.0;Cajon HSS;430x410x19.0;Cajon HSS;220x220x12.5;186.7
65;11.6;2.1;6;6.5;Cruz;T;150x150x12.5;Cajon HSS;430x440x19.0;Cajon HSS;410x420x16.0;Cajon HSS;220x220x12.5;153.33
65;11.6;2.1;6;6.5;Cruz;L;150x150x12.5;Cajon HSS;440x450x19.0;Cajon HSS;420x430x16.0;Cajon HSS;220x220x12.5;157.12
65;11.6;2.1;6;6.6;Cruz;T;150x150x12.5;Cajon HSS;450x460x25.0;Cajon HSS;430x440x19.0;Cajon HSS;220x220x12.5;195.42
65;11.6;2.1;6;6.6;Cruz;L;150x150x12.5;Cajon HSS;460x430x25.0;Cajon HSS;440x410x19.0;Cajon HSS;220x220x12.5;190.77
65;11.6;2.1;6;6.7;Cruz;T;150x150x12.5;Cajon HSS;430x440x19.0;Cajon HSS;410x420x16.0;Cajon HSS;220x220x12.5;153.52
65;11.6;2.1;6;6.7;Cruz;L;150x150x12.5;Cajon HSS;440x450x19.0;Cajon HSS;420x430x16.0;Cajon HSS;220x220x12.5;157.32
65;11.6;2.1;6;6.8;Cruz;T;150x150x12.5;Cajon HSS;450x460x25.0;Cajon HSS;430x440x19.0;Cajon HSS;220x220x12.5;195.66
65;11.6;2.1;6;6.8;Cruz;L;150x150x12.5;Cajon HSS;460x430x25.0;Cajon HSS;440x410x19.0;Cajon HSS;220x220x12.5;191
65;11.6;2.1;6;6.9;Cruz;T;150x150x12.5;Cajon HSS;430x440x19.0;Cajon HSS;410x420x16.0;Cajon HSS;220x220x12.5;153.7
65;11.6;2.1;6;6.9;Cruz;L;150x150x12.5;Cajon HSS;440x450x19.0;Cajon HSS;420x430x16.0;Cajon HSS;220x220x12.5;157.51
65;11.6;2.1;6;7;Cruz;T;150x150x12.5;Cajon HSS;450x460x25.0;Cajon HSS;430x440x19.0;Cajon HSS;220x220x12.5;195.9
65;11.6;2.1;6;7;Cruz;L;150x150x12.5;Cajon HSS;460x430x25.0;Cajon HSS;440x410x19.0;Cajon HSS;220x220x12.5;191.24
65;11.6;2.1;6;7.1;Cruz;T;150x150x12.5;Cajon HSS;430x440x19.0;Cajon HSS;410x420x16.0;Cajon HSS;220x220x12.5;153.89
65;11.6;2.1;6;7.1;Cruz;L;150x150x12.5;Cajon HSS;440x450x19.0;Cajon HSS;420x430x16.0;Cajon HSS;220x220x12.5;157.7
65;11.6;2.1;6;7.2;Cruz;T;150x150x12.5;Cajon HSS;450x460x25.0;Cajon HSS;430x440x19.0;Cajon HSS;220x220x12.5;196.14
65;11.6;2.1;6;7.2;Cruz;L;150x150x12.5;Cajon HSS;460x430x25.0;Cajon HSS;440x410x19.0;Cajon HSS;220x220x12.5;191.47
65;11.6;2.1;6;7.3;Cruz;T;150x150x12.5;Cajon HSS;430x440x19.0;Cajon HSS;410x420x16.0;Cajon HSS;220x220x12.5;154.08
65;11.6;2.1;6;7.3;Cruz;L;150x150x12.5;Cajon HSS;440x450x19.0;Cajon HSS;420x430x16.0;Cajon HSS;220x220x12.5;157.9
65;11.6;2.1;6;7.4;Cruz;T;150x150x12.5;Cajon HSS;450x460x25.0;Cajon HSS;430x440x19.0;Cajon HSS;220x220x12.5;196.38
65;11.6;2.1;6;7.4;Cruz;L;150x150x12.5;Cajon HSS;460x430x25.0;Cajon HSS;440x410x19.0;Cajon HSS;220x220x12.5;191.71
65;11.6;2.1;6;7.5;Cruz;T;150x150x12.5;Cajon HSS;430x440x19.0;Cajon HSS;410x420x16.0;Cajon HSS;220x220x12.5;154.27
65;11.6;2.1;6;7.5;Cruz;L;150x150x12.5;Cajon HSS;440x450x19.0;Cajon HSS;420x430x16.0;Cajon HSS;220x220x12.5;158.09
66;11.6;2.1;7;6.6;K;T;150x150x12.5;Cajon HSS;453x463x25.0;Cajon HSS;430x440x19.0;Cajon HSS;220x220x12.5;221.68
66;11.6;2.1;7;6.6;K;L;150x150x12.5;Cajon HSS;463x433x25.0;Cajon HSS;440x410x19.0;Cajon HSS;220x220x12.5;216.41
66;11.6;2.1;7;6.7;K;T;150x150x12.5;Cajon HSS;433x443x19.0;Cajon HSS;410x420x16.0;Cajon HSS;220x220x12.5;174.65
66;11.6;2.1;7;6.7;K;L;150x150x12.5;Cajon HSS;443x453x25.0;Cajon HSS;420x430x19.0;Cajon HSS;220x220x12.5;216.54
66;11.6;2.1;7;6.8;K;T;150x150x12.5;Cajon HSS;453x463x25.0;Cajon HSS;430x440x19.0;Cajon HSS;220x220x12.5;221.95
66;11.6;2.1;7;6.8;K;L;150x150x12.5;Cajon HSS;463x433x25.0;Cajon HSS;440x410x19.0;Cajon HSS;220x220x12.5;216.67
66;11.6;2.1;7;6.9;K;T;150x150x12.5;Cajon HSS;433x443x19.0;Cajon HSS;410x420x16.0;Cajon HSS;220x220x12.5;174.86
66;11.6;2.1;7;6.9;K;L;150x150x12.5;Cajon HSS;443x453x25.0;Cajon HSS;420x430x19.0;Cajon HSS;220x220x12.5;216.8
66;11.6;2.1;7;7;K;T;150x150x12.5;Cajon HSS;453x463x25.0;Cajon HSS;430x440x19.0;Cajon HSS;220x220x12.5;222.21
66;11.6;2.1;7;7;K;L;150x150x12.5;Cajon HSS;463x433x25.0;Cajon HSS;440x410x19.0;Cajon HSS;220x220x12.5;216.93
66;11.6;2.1;7;7.1;K;T;150x150x12.5;Cajon HSS;433x443x19.0;Cajon HSS;410x420x16.0;Cajon HSS;220x220x12.5;175.07
66;11.6;2.1;7;7.1;K;L;150x150x12.5;Cajon HSS;443x453x25.0;Cajon HSS;420x430x19.0;Cajon HSS;220x220x12.5;217.06
66;11.6;2.1;7;7.2;K;T;150x150x12.5;Cajon HSS;453x463x25.0;Cajon HSS;430x440x19.0;Cajon HSS;220x220x12.5;222.48
66;11.6;2.1;7;7.2;K;L;150x150x12.5;Cajon HSS;463x433x25.0;Cajon HSS;440x410x19.0;Cajon HSS;220x220x12.5;217.19
66;11.6;2.1;7;7.3;K;T;150x150x12.5;Cajon HSS;433x443x19.0;Cajon HSS;410x420x16.0;Cajon HSS;220x220x12.5;175.28
66;11.6;2.1;7;7.3;K;L;150x150x12.5;Cajon HSS;443x453x25.0;Cajon HSS;420x430x19.0;Cajon HSS;220x220x12.5;217.32
66;11.6;2.1;7;7.4;K;T;150x150x12.5;Cajon HSS;453x463x25.0;Cajon HSS;430x440x19.0;Cajon HSS;220x220x12.5;222.75
66;11.6;2.1;7;7.4;K;L;150x150x12.5;Cajon HSS;463x433x25.0;Cajon HSS;440x410x19.0;Cajon HSS;220x220x12.5;217.46
66;11.6;2.1;7;7.5;K;T;150x150x12.5;Cajon HSS;433x443x19.0;Cajon HSS;410x420x16.0;Cajon HSS;220x220x12.5;175.49
66;11.6;2.1;7;7.5;K;L;150x150x12.5;Cajon HSS;443x453x25.0;Cajon HSS;420x430x19.0;Cajon HSS;220x220x12.5;217.59
66;11.6;2.1;7;7.6;K;T;150x150x12.5;Cajon HSS;453x463x25.0;Cajon HSS;430x440x19.0;Cajon HSS;220x220x12.5;223.02
66;11.6;2.1;7;7.6;K;L;150x150x12.5;Cajon HSS;463x433x25.0;Cajon HSS;440x410x19.0;Cajon HSS;220x220x12.5;217.72
67;11.6;2.1;7;6.7;K;T;150x150x12.5;Cajon HSS;436x446x19.0;Cajon HSS;410x420x16.0;Cajon HSS;220x220x12.5;177.68
67;11.6;2.1;7;6.7;K;L;150x150x12.5;Cajon HSS;446x456x25.0;Cajon HSS;420x430x19.0;Cajon HSS;220x220x12.5;220.33
67;11.6;2.1;7;6.8;K;T;150x150x12.5;Cajon HSS;456x466x25.0;Cajon HSS;430x440x19.0;Cajon HSS;220x220x12.5;225.82
67;11.6;2.1;7;6.8;K;L;150x150x12.5;Cajon HSS;466x436x25.0;Cajon HSS;440x410x19.0;Cajon HSS;220x220x12.5;220.46
67;11.6;2.1;7;6.9;K;T;150x150x12.5;Cajon HSS;436x446x19.0;Cajon HSS;410x420x16.0;Cajon HSS;220x220x12.5;177.89
67;11.6;2.1;7;6.9;K;L;150x150x12.5;Cajon HSS;446x456x25.0;Cajon HSS;420x430x19.0;Cajon HSS;220x220x12.5;220.59
67;11.6;2.1;7;7;K;T;150x150x12.5;Cajon HSS;456x466x25.0;Cajon HSS;430x440x19.0;Cajon HSS;220x220x12.5;226.08
67;11.6;2.1;7;7;K;L;150x150x12.5;Cajon HSS;466x436x25.0;Cajon HSS;440x410x19.0;Cajon HSS;220x220x12.5;220.72
67;11.6;2.1;7;7.1;K;T;150x150x12.5;Cajon HSS;436x446x19.0;Cajon HSS;410x420x16.0;Cajon HSS;220x220x12.5;178.11
67;11.6;2.1;7;7.1;K;L;150x150x12.5;Cajon HSS;446x456x25.0;Cajon HSS;420x430x19.0;Cajon HSS;220x220x12.5;220.85
67;11.6;2.1;7;7.2;K;T;150x150x12.5;Cajon HSS;456x466x25.0;Cajon HSS;430x440x19.0;Cajon HSS;220x220x12.5;226.35
67;11.6;2.1;7;7.2;K;L;150x150x12.5;Cajon HSS;466x436x25.0;Cajon HSS;440x410x19.0;Cajon HSS;220x220x12.5;220.98
67;11.6;2.1;7;7.3;K;T;150x150x12.5;Cajon HSS;436x446x19.0;Cajon HSS;410x420x16.0;Cajon HSS;220x220x12.5;178.32
67;11.6;2.1;7;7.3;K;L;150x150x12.5;Cajon HSS;446x456x25.0;Cajon HSS;420x430x19.0;Cajon HSS;220x220x12.5;221.11
67;11.6;2.1;7;7.4;K;T;150x150x12.5;Cajon HSS;456x466x25.0;Cajon HSS;430x440x19.0;Cajon HSS;220x220x12.5;226.62
67;11.6;2.1;7;7.4;K;L;150x150x12.5;Cajon HSS;466x436x25.0;Cajon HSS;440x410x19.0;Cajon HSS;220x220x12.5;221.25
67;11.6;2.1;7;7.5;K;T;150x150x12.5;Cajon HSS;436x446x19.0;Cajon HSS;410x420x16.0;Cajon HSS;220x220x12.5;178.53
67;11.6;2.1;7;7.5;K;L;150x150x12.5;Cajon HSS;446x456x25.0;Cajon HSS;420x430x19.0;Cajon HSS;220x220x12.5;221.38
67;11.6;2.1;7;7.6;K;T;150x150x12.5;Cajon HSS;456x466x25.0;Cajon HSS;430x440x19.0;Cajon HSS;220x220x12.5;226.89
67;11.6;2.1;7;7.6;K;L;150x150x12.5;Cajon HSS;466x436x25.0;Cajon HSS;440x410x19.0;Cajon HSS;220x220x12.5;221.51
67;11.6;2.1;7;7.7;K;T;150x150x12.5;Cajon HSS;436x446x19.0;Cajon HSS;410x420x16.0;Cajon HSS;220x220x12.5;178.74
67;11.6;2.1;7;7.7;K;L;150x150x12.5;Cajon HSS;446x456x25.0;Cajon HSS;420x430x19.0;Cajon HSS;220x220x12.5;221.64
68;11.6;2.1;7;6.8;K;T;150x150x12.5;Cajon HSS;459x469x25.0;Cajon HSS;440x450x19.0;Cajon HSS;230x230x12.5;233.66
68;11.6;2.1;7;6.8;K;L;150x150x12.5;Cajon HSS;469x439x25.0;Cajon HSS;450x420x19.0;Cajon HSS;230x230x12.5;228.22
68;11.6;2.1;7;6.9;K;T;150x150x12.5;Cajon HSS;439x449x19.0;Cajon HSS;420x430x16.0;Cajon HSS;230x230x12.5;184.27
68;11.6;2.1;7;6.9;K;L;150x150x12.5;Cajon HSS;449x459x25.0;Cajon HSS;430x440x19.0;Cajon HSS;230x230x12.5;228.35
68;11.6;2.1;7;7;K;T;150x150x12.5;Cajon HSS;459x469x25.0;Cajon HSS;440x450x19.0;Cajon HSS;230x230x12.5;233.93
68;11.6;2.1;7;7;K;L;150x150x12.5;Cajon HSS;469x439x25.0;Cajon HSS;450x420x19.0;Cajon HSS;230x230x12.5;228.49
68;11.6;2.1;7;7.1;K;T;150x150x12.5;Cajon HSS;439x449x19.0;Cajon HSS;420x430x16.0;Cajon HSS;230x230x12.5;184.49
68;11.6;2.1;7;7.1;K;L;150x150x12.5;Cajon HSS;449x459x25.0;Cajon HSS;430x440x19.0;Cajon HSS;230x230x12.5;228.62
68;11.6;2.1;7;7.2;K;T;150x150x12.5;Cajon HSS;459x469x25.0;Cajon HSS;440x450x19.0;Cajon HSS;230x230x12.5;234.21
68;11.6;2.1;7;7.2;K;L;150x150x12.5;Cajon HSS;469x439x25.0;Cajon HSS;450x420x19.0;Cajon HSS;230x230x12.5;228.75
68;11.6;2.1;7;7.3;K;T;150x150x12.5;Cajon HSS;439x449x19.0;Cajon HSS;420x430x16.0;Cajon HSS;230x230x12.5;184.71
68;11.6;2.1;7;7.3;K;L;150x150x12.5;Cajon HSS;449x459x25.0;Cajon HSS;430x440x19.0;Cajon HSS;230x230x12.5;228.89
68;11.6;2.1;7;7.4;K;T;150x150x12.5;Cajon HSS;459x469x25.0;Cajon HSS;440x450x19.0;Cajon HSS;230x230x12.5;234.48
68;11.6;2.1;7;7.4;K;L;150x150x12.5;Cajon HSS;469x439x25.0;Cajon HSS;450x420x19.0;Cajon HSS;230x230x12.5;229.02
68;11.6;2.1;7;7.5;K;T;150x150x12.5;Cajon HSS;439x449x19.0;Cajon HSS;420x430x16.0;Cajon HSS;230x230x12.5;184.92
68;11.6;2.1;7;7.5;K;L;150x150x12.5;Cajon HSS;449x459x25.0;Cajon HSS;430x440x19.0;Cajon HSS;230x230x12.5;229.16
68;11.6;2.1;7;7.6;K;T;150x150x12.5;Cajon HSS;459x469x25.0;Cajon HSS;440x450x19.0;Cajon HSS;230x230x12.5;234.76
68;11.6;2.1;7;7.6;K;L;150x150x12.5;Cajon HSS;469x439x25.0;Cajon HSS;450x420x19.0;Cajon HSS;230x230x12.5;229.29
68;11.6;2.1;7;7.7;K;T;150x150x12.5;Cajon HSS;439x449x19.0;Cajon HSS;420x430x16.0;Cajon HSS;230x230x12.5;185.14
68;11.6;2.1;7;7.7;K;L;150x150x12.5;Cajon HSS;449x459x25.0;Cajon HSS;430x440x19.0;Cajon HSS;230x230x12.5;229.43
68;11.6;2.1;7;7.8;K;T;150x150x12.5;Cajon HSS;459x469x25.0;Cajon HSS;440x450x19.0;Cajon HSS;230x230x12.5;235.03
68;11.6;2.1;7;7.8;K;L;150x150x12.5;Cajon HSS;469x439x25.0;Cajon HSS;450x420x19.0;Cajon HSS;230x230x12.5;229.56
69;11.6;2.1;7;6.9;K;T;150x150x12.5;Cajon HSS;442x452x25.0;Cajon HSS;420x430x19.0;Cajon HSS;230x230x12.5;226.71
69;11.6;2.1;7;6.9;K;L;150x150x12.5;Cajon HSS;452x462x25.0;Cajon HSS;430x440x19.0;Cajon HSS;230x230x12.5;232.24
69;11.6;2.1;7;7;K;T;150x150x12.5;Cajon HSS;462x472x25.0;Cajon HSS;440x450x19.0;Cajon HSS;230x230x12.5;237.9
69;11.6;2.1;7;7;K;L;150x150x12.5;Cajon HSS;472x442x25.0;Cajon HSS;450x420x19.0;Cajon HSS;230x230x12.5;232.37
69;11.6;2.1;7;7.1;K;T;150x150x12.5;Cajon HSS;442x452x25.0;Cajon HSS;420x430x19.0;Cajon HSS;230x230x12.5;226.98
69;11.6;2.1;7;7.1;K;L;150x150x12.5;Cajon HSS;452x462x25.0;Cajon HSS;430x440x19.0;Cajon HSS;230x230x12.5;232.51
69;11.6;2.1;7;7.2;K;T;150x150x12.5;Cajon HSS;462x472x25.0;Cajon HSS;440x450x19.0;Cajon HSS;230x230x12.5;238.18
69;11.6;2.1;7;7.2;K;L;150x150x12.5;Cajon HSS;472x442x25.0;Cajon HSS;450x420x19.0;Cajon HSS;230x230x12.5;232.64
69;11.6;2.1;7;7.3;K;T;150x150x12.5;Cajon HSS;442x452x25.0;Cajon HSS;420x430x19.0;Cajon HSS;230x230x12.5;227.24
69;11.6;2.1;7;7.3;K;L;150x150x12.5;Cajon HSS;452x462x25.0;Cajon HSS;430x440x19.0;Cajon HSS;230x230x12.5;232.78
69;11.6;2.1;7;7.4;K;T;150x150x12.5;Cajon HSS;462x472x25.0;Cajon HSS;440x450x19.0;Cajon HSS;230x230x12.5;238.45
69;11.6;2.1;7;7.4;K;L;150x150x12.5;Cajon HSS;472x442x25.0;Cajon HSS;450x420x19.0;Cajon HSS;230x230x12.5;232.91
69;11.6;2.1;7;7.5;K;T;150x150x12.5;Cajon HSS;442x452x25.0;Cajon HSS;420x430x19.0;Cajon HSS;230x230x12.5;227.5
69;11.6;2.1;7;7.5;K;L;150x150x12.5;Cajon HSS;452x462x25.0;Cajon HSS;430x440x19.0;Cajon HSS;230x230x12.5;233.05
69;11.6;2.1;7;7.6;K;T;150x150x12.5;Cajon HSS;462x472x25.0;Cajon HSS;440x450x19.0;Cajon HSS;230x230x12.5;238.73
69;11.6;2.1;7;7.6;K;L;150x150x12.5;Cajon HSS;472x442x25.0;Cajon HSS;450x420x19.0;Cajon HSS;230x230x12.5;233.18
69;11.6;2.1;7;7.7;K;T;150x150x12.5;Cajon HSS;442x452x25.0;Cajon HSS;420x430x19.0;Cajon HSS;230x230x12.5;227.77
69;11.6;2.1;7;7.7;K;L;150x150x12.5;Cajon HSS;452x462x25.0;Cajon HSS;430x440x19.0;Cajon HSS;230x230x12.5;233.32
69;11.6;2.1;7;7.8;K;T;150x150x12.5;Cajon HSS;462x472x25.0;Cajon HSS;440x450x19.0;Cajon HSS;230x230x12.5;239
69;11.6;2.1;7;7.8;K;L;150x150x12.5;Cajon HSS;472x442x25.0;Cajon HSS;450x420x19.0;Cajon HSS;230x230x12.5;233.45
69;11.6;2.1;7;7.9;K;T;150x150x12.5;Cajon HSS;442x452x25.0;Cajon HSS;420x430x19.0;Cajon HSS;230x230x12.5;228.03
69;11.6;2.1;7;7.9;K;L;150x150x12.5;Cajon HSS;452x462x25.0;Cajon HSS;430x440x19.0;Cajon HSS;230x230x12.5;233.58
70;11.6;2.1;7;7;K;T;150x150x12.5;Cajon HSS;465x475x25.0;Cajon HSS;440x450x19.0;Cajon HSS;230x230x12.5;241.89
70;11.6;2.1;7;7;K;L;150x150x12.5;Cajon HSS;475x445x25.0;Cajon HSS;450x420x19.0;Cajon HSS;230x230x12.5;236.28
70;11.6;2.1;7;7.1;K;T;150x150x12.5;Cajon HSS;445x455x25.0;Cajon HSS;420x430x19.0;Cajon HSS;230x230x12.5;230.8
70;11.6;2.1;7;7.1;K;L;150x150x12.5;Cajon HSS;455x465x25.0;Cajon HSS;430x440x19.0;Cajon HSS;230x230x12.5;236.41
70;11.6;2.1;7;7.2;K;T;150x150x12.5;Cajon HSS;465x475x25.0;Cajon HSS;440x450x19.0;Cajon HSS;230x230x12.5;242.17
70;11.6;2.1;7;7.2;K;L;150x150x12.5;Cajon HSS;475x445x25.0;Cajon HSS;450x420x19.0;Cajon HSS;230x230x12.5;236.55
70;11.6;2.1;7;7.3;K;T;150x150x12.5;Cajon HSS;445x455x25.0;Cajon HSS;420x430x19.0;Cajon HSS;230x230x12.5;231.06
70;11.6;2.1;7;7.3;K;L;150x150x12.5;Cajon HSS;455x465x25.0;Cajon HSS;430x440x19.0;Cajon HSS;230x230x12.5;236.68
70;11.6;2.1;7;7.4;K;T;150x150x12.5;Cajon HSS;465x475x25.0;Cajon HSS;440x450x19.0;Cajon HSS;230x230x12.5;242.44
70;11.6;2.1;7;7.4;K;L;150x150x12.5;Cajon HSS;475x445x25.0;Cajon HSS;450x420x19.0;Cajon HSS;230x230x12.5;236.82
70;11.6;2.1;7;7.5;K;T;150x150x12.5;Cajon HSS;445x455x25.0;Cajon HSS;420x430x19.0;Cajon HSS;230x230x12.5;231.33
70;11.6;2.1;7;7.5;K;L;150x150x12.5;Cajon HSS;455x465x25.0;Cajon HSS;430x440x19.0;Cajon HSS;230x230x12.5;236.95
70;11.6;2.1;7;7.6;K;T;150x150x12.5;Cajon HSS;465x475x25.0;Cajon HSS;440x450x19.0;Cajon HSS;230x230x12.5;242.72
70;11.6;2.1;7;7.6;K;L;150x150x12.5;Cajon HSS;475x445x25.0;Cajon HSS;450x420x19.0;Cajon HSS;230x230x12.5;237.09
70;11.6;2.1;7;7.7;K;T;150x150x12.5;Cajon HSS;445x455x25.0;Cajon HSS;420x430x19.0;Cajon HSS;230x230x12.5;231.59
70;11.6;2.1;7;7.7;K;L;150x150x12.5;Cajon HSS;455x465x25.0;Cajon HSS;430x440x19.0;Cajon HSS;230x230x12.5;237.22
70;11.6;2.1;7;7.8;K;T;150x150x12.5;Cajon HSS;465x475x25.0;Cajon HSS;440x450x19.0;Cajon HSS;230x230x12.5;242.99
70;11.6;2.1;7;7.8;K;L;150x150x12.5;Cajon HSS;475x445x25.0;Cajon HSS;450x420x19.0;Cajon HSS;230x230x12.5;237.36
70;11.6;2.1;7;7.9;K;T;150x150x12.5;Cajon HSS;445x455x25.0;Cajon HSS;420x430x19.0;Cajon HSS;230x230x12.5;231.86
70;11.6;2.1;7;7.9;K;L;150x150x12.5;Cajon HSS;455x465x25.0;Cajon HSS;430x440x19.0;Cajon HSS;230x230x12.5;237.49
70;11.6;2.1;7;8;K;T;150x150x12.5;Cajon HSS;465x475x25.0;Cajon HSS;440x450x19.0;Cajon HSS;230x230x12.5;243.27
70;11.6;2.1;7;8;K;L;150x150x12.5;Cajon HSS;475x445x25.0;Cajon HSS;450x420x19.0;Cajon HSS;230x230x12.5;237.63
71;11.6;2.1;7;7.1;K;T;150x150x12.5;Cajon HSS;448x458x25.0;Cajon HSS;430x440x19.0;Cajon HSS;230x230x12.5;238.78
71;11.6;2.1;7;7.1;K;L;150x150x12.5;Cajon HSS;458x468x25.0;Cajon HSS;440x440x19.0;Cajon HSS;230x230x12.5;242.41
71;11.6;2.1;7;7.2;K;T;150x150x12.5;Cajon HSS;468x478x25.0;Cajon HSS;440x450x19.0;Cajon HSS;230x230x12.5;246.17
71;11.6;2.1;7;7.2;K;L;150x150x12.5;Cajon HSS;478x448x25.0;Cajon HSS;450x430x19.0;Cajon HSS;230x230x12.5;242.55
71;11.6;2.1;7;7.3;K;T;150x150x12.5;Cajon HSS;448x458x25.0;Cajon HSS;430x440x19.0;Cajon HSS;230x230x12.5;239.05
71;11.6;2.1;7;7.3;K;L;150x150x12.5;Cajon HSS;458x468x25.0;Cajon HSS;440x440x19.0;Cajon HSS;230x230x12.5;242.68
71;11.6;2.1;7;7.4;K;T;150x150x12.5;Cajon HSS;468x478x25.0;Cajon HSS;440x450x19.0;Cajon HSS;230x230x12.5;246.45
71;11.6;2.1;7;7.4;K;L;150x150x12.5;Cajon HSS;478x448x25.0;Cajon HSS;450x430x19.0;Cajon HSS;230x230x12.5;242.82
71;11.6;2.1;7;7.5;K;T;150x150x12.5;Cajon HSS;448x458x25.0;Cajon HSS;430x440x19.0;Cajon HSS;230x230x12.5;239.32
71;11.6;2.1;7;7.5;K;L;150x150x12.5;Cajon HSS;458x468x25.0;Cajon HSS;440x440x19.0;Cajon HSS;230x230x12.5;242.96
71;11.6;2.1;7;7.6;K;T;150x150x12.5;Cajon HSS;468x478x25.0;Cajon HSS;440x450x19.0;Cajon HSS;230x230x12.5;246.73
71;11.6;2.1;7;7.6;K;L;150x150x12.5;Cajon HSS;478x448x25.0;Cajon HSS;450x430x19.0;Cajon HSS;230x230x12.5;243.09
71;11.6;2.1;7;7.7;K;T;150x150x12.5;Cajon HSS;448x458x25.0;Cajon HSS;430x440x19.0;Cajon HSS;230x230x12.5;239.59
71;11.6;2.1;7;7.7;K;L;150x150x12.5;Cajon HSS;458x468x25.0;Cajon HSS;440x440x19.0;Cajon HSS;230x230x12.5;243.23
71;11.6;2.1;7;7.8;K;T;150x150x12.5;Cajon HSS;468x478x25.0;Cajon HSS;440x450x19.0;Cajon HSS;230x230x12.5;247
71;11.6;2.1;7;7.8;K;L;150x150x12.5;Cajon HSS;478x448x25.0;Cajon HSS;450x430x19.0;Cajon HSS;230x230x12.5;243.37
71;11.6;2.1;7;7.9;K;T;150x150x12.5;Cajon HSS;448x458x25.0;Cajon HSS;430x440x19.0;Cajon HSS;230x230x12.5;239.86
71;11.6;2.1;7;7.9;K;L;150x150x12.5;Cajon HSS;458x468x25.0;Cajon HSS;440x440x19.0;Cajon HSS;230x230x12.5;243.5
71;11.6;2.1;7;8;K;T;150x150x12.5;Cajon HSS;468x478x25.0;Cajon HSS;440x450x19.0;Cajon HSS;230x230x12.5;247.28
71;11.6;2.1;7;8;K;L;150x150x12.5;Cajon HSS;478x448x25.0;Cajon HSS;450x430x19.0;Cajon HSS;230x230x12.5;243.64
71;11.6;2.1;7;8.1;K;T;150x150x12.5;Cajon HSS;448x458x25.0;Cajon HSS;430x440x19.0;Cajon HSS;230x230x12.5;240.13
71;11.6;2.1;7;8.1;K;L;150x150x12.5;Cajon HSS;458x468x25.0;Cajon HSS;440x440x19.0;Cajon HSS;230x230x12.5;243.77
72;11.6;2.1;7;7.2;K;T;150x150x12.5;Cajon HSS;471x481x25.0;Cajon HSS;450x460x19.0;Cajon HSS;230x230x12.5;254.4
72;11.6;2.1;7;7.2;K;L;150x150x12.5;Cajon HSS;481x451x25.0;Cajon HSS;460x430x19.0;Cajon HSS;230x230x12.5;248.62
72;11.6;2.1;7;7.3;K;T;150x150x12.5;Cajon HSS;451x461x25.0;Cajon HSS;430x440x19.0;Cajon HSS;230x230x12.5;242.98
72;11.6;2.1;7;7.3;K;L;150x150x12.5;Cajon HSS;461x471x25.0;Cajon HSS;440x450x19.0;Cajon HSS;230x230x12.5;248.76
72;11.6;2.1;7;7.4;K;T;150x150x12.5;Cajon HSS;471x481x25.0;Cajon HSS;450x460x19.0;Cajon HSS;230x230x12.5;254.68
72;11.6;2.1;7;7.4;K;L;150x150x12.5;Cajon HSS;481x451x25.0;Cajon HSS;460x430x19.0;Cajon HSS;230x230x12.5;248.9
72;11.6;2.1;7;7.5;K;T;150x150x12.5;Cajon HSS;451x461x25.0;Cajon HSS;430x440x19.0;Cajon HSS;230x230x12.5;243.25
72;11.6;2.1;7;7.5;K;L;150x150x12.5;Cajon HSS;461x471x25.0;Cajon HSS;440x450x19.0;Cajon HSS;230x230x12.5;249.04
72;11.6;2.1;7;7.6;K;T;150x150x12.5;Cajon HSS;471x481x25.0;Cajon HSS;450x460x19.0;Cajon HSS;230x230x12.5;254.97
72;11.6;2.1;7;7.6;K;L;150x150x12.5;Cajon HSS;481x451x25.0;Cajon HSS;460x430x19.0;Cajon HSS;230x230x12.5;249.17
72;11.6;2.1;7;7.7;K;T;150x150x12.5;Cajon HSS;451x461x25.0;Cajon HSS;430x440x19.0;Cajon HSS;230x230x12.5;243.52
72;11.6;2.1;7;7.7;K;L;150x150x12.5;Cajon HSS;461x471x25.0;Cajon HSS;440x450x19.0;Cajon HSS;230x230x12.5;249.31
72;11.6;2.1;7;7.8;K;T;150x150x12.5;Cajon HSS;471x481x25.0;Cajon HSS;450x460x19.0;Cajon HSS;230x230x12.5;255.25
72;11.6;2.1;7;7.8;K;L;150x150x12.5;Cajon HSS;481x451x25.0;Cajon HSS;460x430x19.0;Cajon HSS;230x230x12.5;249.45
72;11.6;2.1;7;7.9;K;T;150x150x12.5;Cajon HSS;451x461x25.0;Cajon HSS;430x440x19.0;Cajon HSS;230x230x12.5;243.79
72;11.6;2.1;7;7.9;K;L;150x150x12.5;Cajon HSS;461x471x25.0;Cajon HSS;440x450x19.0;Cajon HSS;230x230x12.5;249.59
72;11.6;2.1;7;8;K;T;150x150x12.5;Cajon HSS;471x481x25.0;Cajon HSS;450x460x19.0;Cajon HSS;230x230x12.5;255.53
72;11.6;2.1;7;8;K;L;150x150x12.5;Cajon HSS;481x451x25.0;Cajon HSS;460x430x19.0;Cajon HSS;230x230x12.5;249.73
72;11.6;2.1;7;8.1;K;T;150x150x12.5;Cajon HSS;451x461x25.0;Cajon HSS;430x440x19.0;Cajon HSS;230x230x12.5;244.06
72;11.6;2.1;7;8.1;K;L;150x150x12.5;Cajon HSS;461x471x25.0;Cajon HSS;440x450x19.0;Cajon HSS;230x230x12.5;249.86
72;11.6;2.1;7;8.2;K;T;150x150x12.5;Cajon HSS;471x481x25.0;Cajon HSS;450x460x19.0;Cajon HSS;230x230x12.5;255.82
72;11.6;2.1;7;8.2;K;L;150x150x12.5;Cajon HSS;481x451x25.0;Cajon HSS;460x430x19.0;Cajon HSS;230x230x12.5;250
73;11.6;2.1;7;7.3;K;T;150x150x12.5;Cajon HSS;454x464x25.0;Cajon HSS;430x440x19.0;Cajon HSS;240x240x12.5;246.92
73;11.6;2.1;7;7.3;K;L;150x150x12.5;Cajon HSS;464x474x25.0;Cajon HSS;440x450x19.0;Cajon HSS;240x240x12.5;252.78
73;11.6;2.1;7;7.4;K;T;150x150x12.5;Cajon HSS;474x484x25.0;Cajon HSS;450x460x19.0;Cajon HSS;240x240x12.5;258.79
73;11.6;2.1;7;7.4;K;L;150x150x12.5;Cajon HSS;484x454x25.0;Cajon HSS;460x430x19.0;Cajon HSS;240x240x12.5;252.92
73;11.6;2.1;7;7.5;K;T;150x150x12.5;Cajon HSS;454x464x25.0;Cajon HSS;430x440x19.0;Cajon HSS;240x240x12.5;247.19
73;11.6;2.1;7;7.5;K;L;150x150x12.5;Cajon HSS;464x474x25.0;Cajon HSS;440x450x19.0;Cajon HSS;240x240x12.5;253.06
73;11.6;2.1;7;7.6;K;T;150x150x12.5;Cajon HSS;474x484x25.0;Cajon HSS;450x460x19.0;Cajon HSS;240x240x12.5;259.08
73;11.6;2.1;7;7.6;K;L;150x150x12.5;Cajon HSS;484x454x25.0;Cajon HSS;460x430x19.0;Cajon HSS;240x240x12.5;253.2
73;11.6;2.1;7;7.7;K;T;150x150x12.5;Cajon HSS;454x464x25.0;Cajon HSS;430x440x19.0;Cajon HSS;240x240x12.5;247.46
73;11.6;2.1;7;7.7;K;L;150x150x12.5;Cajon HSS;464x474x25.0;Cajon HSS;440x450x19.0;Cajon HSS;240x240x12.5;253.34
73;11.6;2.1;7;7.8;K;T;150x150x12.5;Cajon HSS;474x484x25.0;Cajon HSS;450x460x19.0;Cajon HSS;240x240x12.5;259.36
73;11.6;2.1;7;7.8;K;L;150x150x12.5;Cajon HSS;484x454x25.0;Cajon HSS;460x430x19.0;Cajon HSS;240x240x12.5;253.48
73;11.6;2.1;7;7.9;K;T;150x150x12.5;Cajon HSS;454x464x25.0;Cajon HSS;430x440x19.0;Cajon HSS;240x240x12.5;247.73
73;11.6;2.1;7;7.9;K;L;150x150x12.5;Cajon HSS;464x474x25.0;Cajon HSS;440x450x19.0;Cajon HSS;240x240x12.5;253.62
73;11.6;2.1;7;8;K;T;150x150x12.5;Cajon HSS;474x484x25.0;Cajon HSS;450x460x19.0;Cajon HSS;240x240x12.5;259.64
73;11.6;2.1;7;8;K;L;150x150x12.5;Cajon HSS;484x454x25.0;Cajon HSS;460x430x19.0;Cajon HSS;240x240x12.5;253.75
73;11.6;2.1;7;8.1;K;T;150x150x12.5;Cajon HSS;454x464x25.0;Cajon HSS;430x440x19.0;Cajon HSS;240x240x12.5;248
73;11.6;2.1;7;8.1;K;L;150x150x12.5;Cajon HSS;464x474x25.0;Cajon HSS;440x450x19.0;Cajon HSS;240x240x12.5;253.89
73;11.6;2.1;7;8.2;K;T;150x150x12.5;Cajon HSS;474x484x25.0;Cajon HSS;450x460x19.0;Cajon HSS;240x240x12.5;259.93
73;11.6;2.1;7;8.2;K;L;150x150x12.5;Cajon HSS;484x454x25.0;Cajon HSS;460x430x19.0;Cajon HSS;240x240x12.5;254.03
73;11.6;2.1;7;8.3;K;T;150x150x12.5;Cajon HSS;454x464x25.0;Cajon HSS;430x440x19.0;Cajon HSS;240x240x12.5;248.27
73;11.6;2.1;7;8.3;K;L;150x150x12.5;Cajon HSS;464x474x25.0;Cajon HSS;440x450x19.0;Cajon HSS;240x240x12.5;254.17
74;11.6;2.1;7;7.4;K;T;150x150x12.5;Cajon HSS;477x487x25.0;Cajon HSS;450x460x19.0;Cajon HSS;240x240x12.5;262.92
74;11.6;2.1;7;7.4;K;L;150x150x12.5;Cajon HSS;487x457x25.0;Cajon HSS;460x430x19.0;Cajon HSS;240x240x12.5;256.97
74;11.6;2.1;7;7.5;K;T;150x150x12.5;Cajon HSS;457x467x25.0;Cajon HSS;430x440x19.0;Cajon HSS;240x240x12.5;251.15
74;11.6;2.1;7;7.5;K;L;150x150x12.5;Cajon HSS;467x477x25.0;Cajon HSS;440x450x19.0;Cajon HSS;240x240x12.5;257.11
74;11.6;2.1;7;7.6;K;T;150x150x12.5;Cajon HSS;477x487x25.0;Cajon HSS;450x460x19.0;Cajon HSS;240x240x12.5;263.2
74;11.6;2.1;7;7.6;K;L;150x150x12.5;Cajon HSS;487x457x25.0;Cajon HSS;460x430x19.0;Cajon HSS;240x240x12.5;257.25
74;11.6;2.1;7;7.7;K;T;150x150x12.5;Cajon HSS;457x467x25.0;Cajon HSS;430x440x19.0;Cajon HSS;240x240x12.5;251.42
74;11.6;2.1;7;7.7;K;L;150x150x12.5;Cajon HSS;467x477x25.0;Cajon HSS;440x450x19.0;Cajon HSS;240x240x12.5;257.39
74;11.6;2.1;7;7.8;K;T;150x150x12.5;Cajon HSS;477x487x25.0;Cajon HSS;450x460x19.0;Cajon HSS;240x240x12.5;263.49
74;11.6;2.1;7;7.8;K;L;150x150x12.5;Cajon HSS;487x457x25.0;Cajon HSS;460x430x19.0;Cajon HSS;240x240x12.5;257.52
74;11.6;2.1;7;7.9;K;T;150x150x12.5;Cajon HSS;457x467x25.0;Cajon HSS;430x440x19.0;Cajon HSS;240x240x12.5;251.7
74;11.6;2.1;7;7.9;K;L;150x150x12.5;Cajon HSS;467x477x25.0;Cajon HSS;440x450x19.0;Cajon HSS;240x240x12.5;257.66
74;11.6;2.1;7;8;K;T;150x150x12.5;Cajon HSS;477x487x25.0;Cajon HSS;450x460x19.0;Cajon HSS;240x240x12.5;263.77
74;11.6;2.1;7;8;K;L;150x150x12.5;Cajon HSS;487x457x25.0;Cajon HSS;460x430x19.0;Cajon HSS;240x240x12.5;257.8
74;11.6;2.1;7;8.1;K;T;150x150x12.5;Cajon HSS;457x467x25.0;Cajon HSS;430x440x19.0;Cajon HSS;240x240x12.5;251.97
74;11.6;2.1;7;8.1;K;L;150x150x12.5;Cajon HSS;467x477x25.0;Cajon HSS;440x450x19.0;Cajon HSS;240x240x12.5;257.94
74;11.6;2.1;7;8.2;K;T;150x150x12.5;Cajon HSS;477x487x25.0;Cajon HSS;450x460x19.0;Cajon HSS;240x240x12.5;264.06
74;11.6;2.1;7;8.2;K;L;150x150x12.5;Cajon HSS;487x457x25.0;Cajon HSS;460x430x19.0;Cajon HSS;240x240x12.5;258.08
74;11.6;2.1;7;8.3;K;T;150x150x12.5;Cajon HSS;457x467x25.0;Cajon HSS;430x440x19.0;Cajon HSS;240x240x12.5;252.24
74;11.6;2.1;7;8.3;K;L;150x150x12.5;Cajon HSS;467x477x25.0;Cajon HSS;440x450x19.0;Cajon HSS;240x240x12.5;258.22
74;11.6;2.1;7;8.4;K;T;150x150x12.5;Cajon HSS;477x487x25.0;Cajon HSS;450x460x19.0;Cajon HSS;240x240x12.5;264.34
74;11.6;2.1;7;8.4;K;L;150x150x12.5;Cajon HSS;487x457x25.0;Cajon HSS;460x430x19.0;Cajon HSS;240x240x12.5;258.36
75;11.6;2.1;8;7.5;K;T;150x150x12.5;Cajon HSS;460x470x25.0;Cajon HSS;440x450x19.0;Cajon HSS;240x240x12.5;286.23
75;11.6;2.1;8;7.5;K;L;150x150x12.5;Cajon HSS;470x480x25.0;Cajon HSS;450x460x19.0;Cajon HSS;240x240x12.5;292.89
75;11.6;2.1;8;7.6;K;T;150x150x12.5;Cajon HSS;480x490x25.0;Cajon HSS;460x470x19.0;Cajon HSS;240x240x12.5;299.72
75;11.6;2.1;8;7.6;K;L;150x150x12.5;Cajon HSS;490x460x25.0;Cajon HSS;470x440x19.0;Cajon HSS;240x240x12.5;293.05
75;11.6;2.1;8;7.7;K;T;150x150x12.5;Cajon HSS;460x470x25.0;Cajon HSS;440x450x19.0;Cajon HSS;240x240x12.5;286.53
75;11.6;2.1;8;7.7;K;L;150x150x12.5;Cajon HSS;470x480x25.0;Cajon HSS;450x460x19.0;Cajon HSS;240x240x12.5;293.21
75;11.6;2.1;8;7.8;K;T;150x150x12.5;Cajon HSS;480x490x25.0;Cajon HSS;460x470x19.0;Cajon HSS;240x240x12.5;300.04
75;11.6;2.1;8;7.8;K;L;150x150x12.5;Cajon HSS;490x460x25.0;Cajon HSS;470x440x19.0;Cajon HSS;240x240x12.5;293.36
75;11.6;2.1;8;7.9;K;T;150x150x12.5;Cajon HSS;460x470x25.0;Cajon HSS;440x450x19.0;Cajon HSS;240x240x12.5;286.84
75;11.6;2.1;8;7.9;K;L;150x150x12.5;Cajon HSS;470x480x25.0;Cajon HSS;450x460x19.0;Cajon HSS;240x240x12.5;293.52
75;11.6;2.1;8;8;K;T;150x150x12.5;Cajon HSS;480x490x25.0;Cajon HSS;460x470x19.0;Cajon HSS;240x240x12.5;300.36
75;11.6;2.1;8;8;K;L;150x150x12.5;Cajon HSS;490x460x25.0;Cajon HSS;470x440x19.0;Cajon HSS;240x240x12.5;293.67
75;11.6;2.1;8;8.1;K;T;150x150x12.5;Cajon HSS;460x470x25.0;Cajon HSS;440x450x19.0;Cajon HSS;240x240x12.5;287.14
75;11.6;2.1;8;8.1;K;L;150x150x12.5;Cajon HSS;470x480x25.0;Cajon HSS;450x460x19.0;Cajon HSS;240x240x12.5;293.83
75;11.6;2.1;8;8.2;K;T;150x150x12.5;Cajon HSS;480x490x25.0;Cajon HSS;460x470x19.0;Cajon HSS;240x240x12.5;300.68
75;11.6;2.1;8;8.2;K;L;150x150x12.5;Cajon HSS;490x460x25.0;Cajon HSS;470x440x19.0;Cajon HSS;240x240x12.5;293.99
75;11.6;2.1;8;8.3;K;T;150x150x12.5;Cajon HSS;460x470x25.0;Cajon HSS;440x450x19.0;Cajon HSS;240x240x12.5;287.45
75;11.6;2.1;8;8.3;K;L;150x150x12.5;Cajon HSS;470x480x25.0;Cajon HSS;450x460x19.0;Cajon HSS;240x240x12.5;294.14
75;11.6;2.1;8;8.4;K;T;150x150x12.5;Cajon HSS;480x490x25.0;Cajon HSS;460x470x19.0;Cajon HSS;240x240x12.5;301
75;11.6;2.1;8;8.4;K;L;150x150x12.5;Cajon HSS;490x460x25.0;Cajon HSS;470x440x19.0;Cajon HSS;240x240x12.5;294.3
75;11.6;2.1;8;8.5;K;T;150x150x12.5;Cajon HSS;460x470x25.0;Cajon HSS;440x450x19.0;Cajon HSS;240x240x12.5;287.75
75;11.6;2.1;8;8.5;K;L;150x150x12.5;Cajon HSS;470x480x25.0;Cajon HSS;450x460x19.0;Cajon HSS;240x240x12.5;294.45
76;11.6;2.1;8;7.6;K;T;150x150x12.5;Cajon HSS;483x493x25.0;Cajon HSS;460x470x19.0;Cajon HSS;240x240x12.5;304.33
76;11.6;2.1;8;7.6;K;L;150x150x12.5;Cajon HSS;493x463x25.0;Cajon HSS;470x440x19.0;Cajon HSS;240x240x12.5;297.57
76;11.6;2.1;8;7.7;K;T;150x150x12.5;Cajon HSS;463x473x25.0;Cajon HSS;440x450x19.0;Cajon HSS;240x240x12.5;290.96
76;11.6;2.1;8;7.7;K;L;150x150x12.5;Cajon HSS;473x483x25.0;Cajon HSS;450x460x19.0;Cajon HSS;240x240x12.5;297.73
76;11.6;2.1;8;7.8;K;T;150x150x12.5;Cajon HSS;483x493x25.0;Cajon HSS;460x470x19.0;Cajon HSS;240x240x12.5;304.65
76;11.6;2.1;8;7.8;K;L;150x150x12.5;Cajon HSS;493x463x25.0;Cajon HSS;470x440x19.0;Cajon HSS;240x240x12.5;297.88
76;11.6;2.1;8;7.9;K;T;150x150x12.5;Cajon HSS;463x473x25.0;Cajon HSS;440x450x19.0;Cajon HSS;240x240x12.5;291.27
76;11.6;2.1;8;7.9;K;L;150x150x12.5;Cajon HSS;473x483x25.0;Cajon HSS;450x460x19.0;Cajon HSS;240x240x12.5;298.04
76;11.6;2.1;8;8;K;T;150x150x12.5;Cajon HSS;483x493x25.0;Cajon HSS;460x470x19.0;Cajon HSS;240x240x12.5;304.97
76;11.6;2.1;8;8;K;L;150x150x12.5;Cajon HSS;493x463x25.0;Cajon HSS;470x440x19.0;Cajon HSS;240x240x12.5;298.2
76;11.6;2.1;8;8.1;K;T;150x150x12.5;Cajon HSS;463x473x25.0;Cajon HSS;440x450x19.0;Cajon HSS;240x240x12.5;291.57
76;11.6;2.1;8;8.1;K;L;150x150x12.5;Cajon HSS;473x483x25.0;Cajon HSS;450x460x19.0;Cajon HSS;240x240x12.5;298.35
76;11.6;2.1;8;8.2;K;T;150x150x12.5;Cajon HSS;483x493x25.0;Cajon HSS;460x470x19.0;Cajon HSS;240x240x12.5;305.29
76;11.6;2.1;8;8.2;K;L;150x150x12.5;Cajon HSS;493x463x25.0;Cajon HSS;470x440x19.0;Cajon HSS;240x240x12.5;298.51
76;11.6;2.1;8;8.3;K;T;150x150x12.5;Cajon HSS;463x473x25.0;Cajon HSS;440x450x19.0;Cajon HSS;240x240x12.5;291.88
76;11.6;2.1;8;8.3;K;L;150x150x12.5;Cajon HSS;473x483x25.0;Cajon HSS;450x460x19.0;Cajon HSS;240x240x12.5;298.67
76;11.6;2.1;8;8.4;K;T;150x150x12.5;Cajon HSS;483x493x25.0;Cajon HSS;460x470x19.0;Cajon HSS;240x240x12.5;305.61
76;11.6;2.1;8;8.4;K;L;150x150x12.5;Cajon HSS;493x463x25.0;Cajon HSS;470x440x19.0;Cajon HSS;240x240x12.5;298.82
76;11.6;2.1;8;8.5;K;T;150x150x12.5;Cajon HSS;463x473x25.0;Cajon HSS;440x450x19.0;Cajon HSS;240x240x12.5;292.19
76;11.6;2.1;8;8.5;K;L;150x150x12.5;Cajon HSS;473x483x25.0;Cajon HSS;450x460x19.0;Cajon HSS;240x240x12.5;298.98
76;11.6;2.1;8;8.6;K;T;150x150x12.5;Cajon HSS;483x493x25.0;Cajon HSS;460x470x19.0;Cajon HSS;240x240x12.5;305.93
76;11.6;2.1;8;8.6;K;L;150x150x12.5;Cajon HSS;493x463x25.0;Cajon HSS;470x440x19.0;Cajon HSS;240x240x12.5;299.14
77;11.6;2.1;8;7.7;K;T;150x150x12.5;Cajon HSS;466x476x25.0;Cajon HSS;440x450x19.0;Cajon HSS;240x240x12.5;295.41
77;11.6;2.1;8;7.7;K;L;150x150x12.5;Cajon HSS;476x486x25.0;Cajon HSS;450x460x19.0;Cajon HSS;240x240x12.5;302.27
77;11.6;2.1;8;7.8;K;T;150x150x12.5;Cajon HSS;486x496x25.0;Cajon HSS;460x470x19.0;Cajon HSS;240x240x12.5;309.28
77;11.6;2.1;8;7.8;K;L;150x150x12.5;Cajon HSS;496x466x25.0;Cajon HSS;470x440x19.0;Cajon HSS;240x240x12.5;302.42
77;11.6;2.1;8;7.9;K;T;150x150x12.5;Cajon HSS;466x476x25.0;Cajon HSS;440x450x19.0;Cajon HSS;240x240x12.5;295.72
77;11.6;2.1;8;7.9;K;L;150x150x12.5;Cajon HSS;476x486x25.0;Cajon HSS;450x460x19.0;Cajon HSS;240x240x12.5;302.58
77;11.6;2.1;8;8;K;T;150x150x12.5;Cajon HSS;486x496x25.0;Cajon HSS;460x470x19.0;Cajon HSS;240x240x12.5;309.6
77;11.6;2.1;8;8;K;L;150x150x12.5;Cajon HSS;496x466x25.0;Cajon HSS;470x440x19.0;Cajon HSS;240x240x12.5;302.74
77;11.6;2.1;8;8.1;K;T;150x150x12.5;Cajon HSS;466x476x25.0;Cajon HSS;440x450x19.0;Cajon HSS;240x240x12.5;296.03
77;11.6;2.1;8;8.1;K;L;150x150x12.5;Cajon HSS;476x486x25.0;Cajon HSS;450x460x19.0;Cajon HSS;240x240x12.5;302.9
77;11.6;2.1;8;8.2;K;T;150x150x12.5;Cajon HSS;486x496x25.0;Cajon HSS;460x470x19.0;Cajon HSS;240x240x12.5;309.93
77;11.6;2.1;8;8.2;K;L;150x150x12.5;Cajon HSS;496x466x25.0;Cajon HSS;470x440x19.0;Cajon HSS;240x240x12.5;303.05
77;11.6;2.1;8;8.3;K;T;150x150x12.5;Cajon HSS;466x476x25.0;Cajon HSS;440x450x19.0;Cajon HSS;240x240x12.5;296.33
77;11.6;2.1;8;8.3;K;L;150x150x12.5;Cajon HSS;476x486x25.0;Cajon HSS;450x460x19.0;Cajon HSS;240x240x12.5;303.21
77;11.6;2.1;8;8.4;K;T;150x150x12.5;Cajon HSS;486x496x25.0;Cajon HSS;460x470x19.0;Cajon HSS;240x240x12.5;310.25
77;11.6;2.1;8;8.4;K;L;150x150x12.5;Cajon HSS;496x466x25.0;Cajon HSS;470x440x19.0;Cajon HSS;240x240x12.5;303.37
77;11.6;2.1;8;8.5;K;T;150x150x12.5;Cajon HSS;466x476x25.0;Cajon HSS;440x450x19.0;Cajon HSS;240x240x12.5;296.64
77;11.6;2.1;8;8.5;K;L;150x150x12.5;Cajon HSS;476x486x25.0;Cajon HSS;450x460x19.0;Cajon HSS;240x240x12.5;303.52
77;11.6;2.1;8;8.6;K;T;150x150x12.5;Cajon HSS;486x496x25.0;Cajon HSS;460x470x19.0;Cajon HSS;240x240x12.5;310.57
77;11.6;2.1;8;8.6;K;L;150x150x12.5;Cajon HSS;496x466x25.0;Cajon HSS;470x440x19.0;Cajon HSS;240x240x12.5;303.68
77;11.6;2.1;8;8.7;K;T;150x150x12.5;Cajon HSS;466x476x25.0;Cajon HSS;440x450x19.0;Cajon HSS;240x240x12.5;296.95
77;11.6;2.1;8;8.7;K;L;150x150x12.5;Cajon HSS;476x486x25.0;Cajon HSS;450x460x19.0;Cajon HSS;240x240x12.5;303.84
78;11.6;2.1;8;7.8;K;T;150x150x12.5;Cajon HSS;489x499x25.0;Cajon HSS;460x470x19.0;Cajon HSS;250x250x12.5;313.94
78;11.6;2.1;8;7.8;K;L;150x150x12.5;Cajon HSS;499x469x25.0;Cajon HSS;470x450x19.0;Cajon HSS;250x250x12.5;309.6
78;11.6;2.1;8;7.9;K;T;150x150x12.5;Cajon HSS;469x479x25.0;Cajon HSS;450x460x19.0;Cajon HSS;250x250x12.5;305.42
78;11.6;2.1;8;7.9;K;L;150x150x12.5;Cajon HSS;479x489x25.0;Cajon HSS;460x460x19.0;Cajon HSS;250x250x12.5;309.76
78;11.6;2.1;8;8;K;T;150x150x12.5;Cajon HSS;489x499x25.0;Cajon HSS;460x470x19.0;Cajon HSS;250x250x12.5;314.26
78;11.6;2.1;8;8;K;L;150x150x12.5;Cajon HSS;499x469x25.0;Cajon HSS;470x450x19.0;Cajon HSS;250x250x12.5;309.92
78;11.6;2.1;8;8.1;K;T;150x150x12.5;Cajon HSS;469x479x25.0;Cajon HSS;450x460x19.0;Cajon HSS;250x250x12.5;305.74
78;11.6;2.1;8;8.1;K;L;150x150x12.5;Cajon HSS;479x489x25.0;Cajon HSS;460x460x19.0;Cajon HSS;250x250x12.5;310.08
78;11.6;2.1;8;8.2;K;T;150x150x12.5;Cajon HSS;489x499x25.0;Cajon HSS;460x470x19.0;Cajon HSS;250x250x12.5;314.58
78;11.6;2.1;8;8.2;K;L;150x150x12.5;Cajon HSS;499x469x25.0;Cajon HSS;470x450x19.0;Cajon HSS;250x250x12.5;310.24
78;11.6;2.1;8;8.3;K;T;150x150x12.5;Cajon HSS;469x479x25.0;Cajon HSS;450x460x19.0;Cajon HSS;250x250x12.5;306.05
78;11.6;2.1;8;8.3;K;L;150x150x12.5;Cajon HSS;479x489x25.0;Cajon HSS;460x460x19.0;Cajon HSS;250x250x12.5;310.4
78;11.6;2.1;8;8.4;K;T;150x150x12.5;Cajon HSS;489x499x25.0;Cajon HSS;460x470x19.0;Cajon HSS;250x250x12.5;314.9
78;11.6;2.1;8;8.4;K;L;150x150x12.5;Cajon HSS;499x469x25.0;Cajon HSS;470x450x19.0;Cajon HSS;250x250x12.5;310.55
78;11.6;2.1;8;8.5;K;T;150x150x12.5;Cajon HSS;469x479x25.0;Cajon HSS;450x460x19.0;Cajon HSS;250x250x12.5;306.36
78;11.6;2.1;8;8.5;K;L;150x150x12.5;Cajon HSS;479x489x25.0;Cajon HSS;460x460x19.0;Cajon HSS;250x250x12.5;310.71
78;11.6;2.1;8;8.6;K;T;150x150x12.5;Cajon HSS;489x499x25.0;Cajon HSS;460x470x19.0;Cajon HSS;250x250x12.5;315.22
78;11.6;2.1;8;8.6;K;L;150x150x12.5;Cajon HSS;499x469x25.0;Cajon HSS;470x450x19.0;Cajon HSS;250x250x12.5;310.87
78;11.6;2.1;8;8.7;K;T;150x150x12.5;Cajon HSS;469x479x25.0;Cajon HSS;450x460x19.0;Cajon HSS;250x250x12.5;306.67
78;11.6;2.1;8;8.7;K;L;150x150x12.5;Cajon HSS;479x489x25.0;Cajon HSS;460x460x19.0;Cajon HSS;250x250x12.5;311.03
78;11.6;2.1;8;8.8;K;T;150x150x12.5;Cajon HSS;489x499x25.0;Cajon HSS;460x470x19.0;Cajon HSS;250x250x12.5;315.55
78;11.6;2.1;8;8.8;K;L;150x150x12.5;Cajon HSS;499x469x25.0;Cajon HSS;470x450x19.0;Cajon HSS;250x250x12.5;311.19
79;11.6;2.1;8;7.9;K;T;150x150x12.5;Cajon HSS;472x482x25.0;Cajon HSS;450x460x19.0;Cajon HSS;250x250x12.5;309.98
79;11.6;2.1;8;7.9;K;L;150x150x12.5;Cajon HSS;482x492x25.0;Cajon HSS;460x470x19.0;Cajon HSS;250x250x12.5;317.03
79;11.6;2.1;8;8;K;T;150x150x12.5;Cajon HSS;492x502x25.0;Cajon HSS;470x480x19.0;Cajon HSS;250x250x12.5;324.24
79;11.6;2.1;8;8;K;L;150x150x12.5;Cajon HSS;502x472x25.0;Cajon HSS;480x450x19.0;Cajon HSS;250x250x12.5;317.19
79;11.6;2.1;8;8.1;K;T;150x150x12.5;Cajon HSS;472x482x25.0;Cajon HSS;450x460x19.0;Cajon HSS;250x250x12.5;310.3
79;11.6;2.1;8;8.1;K;L;150x150x12.5;Cajon HSS;482x492x25.0;Cajon HSS;460x470x19.0;Cajon HSS;250x250x12.5;317.35
79;11.6;2.1;8;8.2;K;T;150x150x12.5;Cajon HSS;492x502x25.0;Cajon HSS;470x480x19.0;Cajon HSS;250x250x12.5;324.57
79;11.6;2.1;8;8.2;K;L;150x150x12.5;Cajon HSS;502x472x25.0;Cajon HSS;480x450x19.0;Cajon HSS;250x250x12.5;317.51
79;11.6;2.1;8;8.3;K;T;150x150x12.5;Cajon HSS;472x482x25.0;Cajon HSS;450x460x19.0;Cajon HSS;250x250x12.5;310.61
79;11.6;2.1;8;8.3;K;L;150x150x12.5;Cajon HSS;482x492x25.0;Cajon HSS;460x470x19.0;Cajon HSS;250x250x12.5;317.67
79;11.6;2.1;8;8.4;K;T;150x150x12.5;Cajon HSS;492x502x25.0;Cajon HSS;470x480x19.0;Cajon HSS;250x250x12.5;324.89
79;11.6;2.1;8;8.4;K;L;150x150x12.5;Cajon HSS;502x472x25.0;Cajon HSS;480x450x19.0;Cajon HSS;250x250x12.5;317.83
79;11.6;2.1;8;8.5;K;T;150x150x12.5;Cajon HSS;472x482x25.0;Cajon HSS;450x460x19.0;Cajon HSS;250x250x12.5;310.92
79;11.6;2.1;8;8.5;K;L;150x150x12.5;Cajon HSS;482x492x25.0;Cajon HSS;460x470x19.0;Cajon HSS;250x250x12.5;317.99
79;11.6;2.1;8;8.6;K;T;150x150x12.5;Cajon HSS;492x502x25.0;Cajon HSS;470x480x19.0;Cajon HSS;250x250x12.5;325.22
79;11.6;2.1;8;8.6;K;L;150x150x12.5;Cajon HSS;502x472x25.0;Cajon HSS;480x450x19.0;Cajon HSS;250x250x12.5;318.15
79;11.6;2.1;8;8.7;K;T;150x150x12.5;Cajon HSS;472x482x25.0;Cajon HSS;450x460x19.0;Cajon HSS;250x250x12.5;311.24
79;11.6;2.1;8;8.7;K;L;150x150x12.5;Cajon HSS;482x492x25.0;Cajon HSS;460x470x19.0;Cajon HSS;250x250x12.5;318.31
79;11.6;2.1;8;8.8;K;T;150x150x12.5;Cajon HSS;492x502x25.0;Cajon HSS;470x480x19.0;Cajon HSS;250x250x12.5;325.55
79;11.6;2.1;8;8.8;K;L;150x150x12.5;Cajon HSS;502x472x25.0;Cajon HSS;480x450x19.0;Cajon HSS;250x250x12.5;318.47
79;11.6;2.1;8;8.9;K;T;150x150x12.5;Cajon HSS;472x482x25.0;Cajon HSS;450x460x19.0;Cajon HSS;250x250x12.5;311.55
79;11.6;2.1;8;8.9;K;L;150x150x12.5;Cajon HSS;482x492x25.0;Cajon HSS;460x470x19.0;Cajon HSS;250x250x12.5;318.63
80;11.6;2.1;8;8;K;T;150x150x12.5;Cajon HSS;495x505x25.0;Cajon HSS;470x480x19.0;Cajon HSS;250x250x12.5;329
80;11.6;2.1;8;8;K;L;150x150x12.5;Cajon HSS;505x475x25.0;Cajon HSS;480x450x19.0;Cajon HSS;250x250x12.5;321.86
80;11.6;2.1;8;8.1;K;T;150x150x12.5;Cajon HSS;475x485x25.0;Cajon HSS;450x460x19.0;Cajon HSS;250x250x12.5;314.88
80;11.6;2.1;8;8.1;K;L;150x150x12.5;Cajon HSS;485x495x25.0;Cajon HSS;460x470x19.0;Cajon HSS;250x250x12.5;322.02
80;11.6;2.1;8;8.2;K;T;150x150x12.5;Cajon HSS;495x505x25.0;Cajon HSS;470x480x19.0;Cajon HSS;250x250x12.5;329.33
80;11.6;2.1;8;8.2;K;L;150x150x12.5;Cajon HSS;505x475x25.0;Cajon HSS;480x450x19.0;Cajon HSS;250x250x12.5;322.18
80;11.6;2.1;8;8.3;K;T;150x150x12.5;Cajon HSS;475x485x25.0;Cajon HSS;450x460x19.0;Cajon HSS;250x250x12.5;315.19
80;11.6;2.1;8;8.3;K;L;150x150x12.5;Cajon HSS;485x495x25.0;Cajon HSS;460x470x19.0;Cajon HSS;250x250x12.5;322.34
80;11.6;2.1;8;8.4;K;T;150x150x12.5;Cajon HSS;495x505x25.0;Cajon HSS;470x480x19.0;Cajon HSS;250x250x12.5;329.66
80;11.6;2.1;8;8.4;K;L;150x150x12.5;Cajon HSS;505x475x25.0;Cajon HSS;480x450x19.0;Cajon HSS;250x250x12.5;322.51
80;11.6;2.1;8;8.5;K;T;150x150x12.5;Cajon HSS;475x485x25.0;Cajon HSS;450x460x19.0;Cajon HSS;250x250x12.5;315.51
80;11.6;2.1;8;8.5;K;L;150x150x12.5;Cajon HSS;485x495x25.0;Cajon HSS;460x470x19.0;Cajon HSS;250x250x12.5;322.67
80;11.6;2.1;8;8.6;K;T;150x150x12.5;Cajon HSS;495x505x25.0;Cajon HSS;470x480x19.0;Cajon HSS;250x250x12.5;329.99
80;11.6;2.1;8;8.6;K;L;150x150x12.5;Cajon HSS;505x475x25.0;Cajon HSS;480x450x19.0;Cajon HSS;250x250x12.5;322.83
80;11.6;2.1;8;8.7;K;T;150x150x12.5;Cajon HSS;475x485x25.0;Cajon HSS;450x460x19.0;Cajon HSS;250x250x12.5;315.82
80;11.6;2.1;8;8.7;K;L;150x150x12.5;Cajon HSS;485x495x25.0;Cajon HSS;460x470x19.0;Cajon HSS;250x250x12.5;322.99
80;11.6;2.1;8;8.8;K;T;150x150x12.5;Cajon HSS;495x505x25.0;Cajon HSS;470x480x19.0;Cajon HSS;250x250x12.5;330.32
80;11.6;2.1;8;8.8;K;L;150x150x12.5;Cajon HSS;505x475x25.0;Cajon HSS;480x450x19.0;Cajon HSS;250x250x12.5;323.15
80;11.6;2.1;8;8.9;K;T;150x150x12.5;Cajon HSS;475x485x25.0;Cajon HSS;450x460x19.0;Cajon HSS;250x250x12.5;316.14
80;11.6;2.1;8;8.9;K;L;150x150x12.5;Cajon HSS;485x495x25.0;Cajon HSS;460x470x19.0;Cajon HSS;250x250x12.5;323.31
80;11.6;2.1;8;9;K;T;150x150x12.5;Cajon HSS;495x505x25.0;Cajon HSS;470x480x19.0;Cajon HSS;250x250x12.5;330.65
80;11.6;2.1;8;9;K;L;150x150x12.5;Cajon HSS;505x475x25.0;Cajon HSS;480x450x19.0;Cajon HSS;250x250x12.5;323.47
81;11.6;2.1;8;8.1;X;T;150x150x12.5;Cajon HSS;478x488x25.0;Cajon HSS;450x460x19.0;Cajon HSS;250x250x12.5;319.48
81;11.6;2.1;8;8.1;X;L;150x150x12.5;Cajon HSS;488x498x25.0;Cajon HSS;460x470x19.0;Cajon HSS;250x250x12.5;326.72
81;11.6;2.1;8;8.2;X;T;150x150x12.5;Cajon HSS;498x508x25.0;Cajon HSS;470x480x19.0;Cajon HSS;250x250x12.5;334.12
81;11.6;2.1;8;8.2;X;L;150x150x12.5;Cajon HSS;508x478x25.0;Cajon HSS;480x450x19.0;Cajon HSS;250x250x12.5;326.88
81;11.6;2.1;8;8.3;X;T;150x150x12.5;Cajon HSS;478x488x25.0;Cajon HSS;450x460x19.0;Cajon HSS;250x250x12.5;319.8
81;11.6;2.1;8;8.3;X;L;150x150x12.5;Cajon HSS;488x498x25.0;Cajon HSS;460x470x19.0;Cajon HSS;250x250x12.5;327.04
81;11.6;2.1;8;8.4;X;T;150x150x12.5;Cajon HSS;498x508x25.0;Cajon HSS;470x480x19.0;Cajon HSS;250x250x12.5;334.45
81;11.6;2.1;8;8.4;X;L;150x150x12.5;Cajon HSS;508x478x25.0;Cajon HSS;480x450x19.0;Cajon HSS;250x250x12.5;327.2
81;11.6;2.1;8;8.5;X;T;150x150x12.5;Cajon HSS;478x488x25.0;Cajon HSS;450x460x19.0;Cajon HSS;250x250x12.5;320.11
81;11.6;2.1;8;8.5;X;L;150x150x12.5;Cajon HSS;488x498x25.0;Cajon HSS;460x470x19.0;Cajon HSS;250x250x12.5;327.36
81;11.6;2.1;8;8.6;X;T;150x150x12.5;Cajon HSS;498x508x25.0;Cajon HSS;470x480x19.0;Cajon HSS;250x250x12.5;334.78
81;11.6;2.1;8;8.6;X;L;150x150x12.5;Cajon HSS;508x478x25.0;Cajon HSS;480x450x19.0;Cajon HSS;250x250x12.5;327.52
81;11.6;2.1;8;8.7;X;T;150x150x12.5;Cajon HSS;478x488x25.0;Cajon HSS;450x460x19.0;Cajon HSS;250x250x12.5;320.43
81;11.6;2.1;8;8.7;X;L;150x150x12.5;Cajon HSS;488x498x25.0;Cajon HSS;460x470x19.0;Cajon HSS;250x250x12.5;327.69
81;11.6;2.1;8;8.8;X;T;150x150x12.5;Cajon HSS;498x508x25.0;Cajon HSS;470x480x19.0;Cajon HSS;250x250x12.5;335.11
81;11.6;2.1;8;8.8;X;L;150x150x12.5;Cajon HSS;508x478x25.0;Cajon HSS;480x450x19.0;Cajon HSS;250x250x12.5;327.85
81;11.6;2.1;8;8.9;X;T;150x150x12.5;Cajon HSS;478x488x25.0;Cajon HSS;450x460x19.0;Cajon HSS;250x250x12.5;320.74
81;11.6;2.1;8;8.9;X;L;150x150x12.5;Cajon HSS;488x498x25.0;Cajon HSS;460x470x19.0;Cajon HSS;250x250x12.5;328.01
81;11.6;2.1;8;9;X;T;150x150x12.5;Cajon HSS;498x508x25.0;Cajon HSS;470x480x19.0;Cajon HSS;250x250x12.5;335.44
81;11.6;2.1;8;9;X;L;150x150x12.5;Cajon HSS;508x478x25.0;Cajon HSS;480x450x19.0;Cajon HSS;250x250x12.5;328.17
81;11.6;2.1;8;9.1;X;T;150x150x12.5;Cajon HSS;478x488x25.0;Cajon HSS;450x460x19.0;Cajon HSS;250x250x12.5;321.06
81;11.6;2.1;8;9.1;X;L;150x150x12.5;Cajon HSS;488x498x25.0;Cajon HSS;460x470x19.0;Cajon HSS;250x250x12.5;328.33
82;11.6;2.1;8;8.2;X;T;150x150x12.5;Cajon HSS;501x511x25.0;Cajon HSS;480x490x19.0;Cajon HSS;250x250x12.5;344.44
82;11.6;2.1;8;8.2;X;L;150x150x12.5;Cajon HSS;511x481x25.0;Cajon HSS;490x460x19.0;Cajon HSS;250x250x12.5;337.11
82;11.6;2.1;8;8.3;X;T;150x150x12.5;Cajon HSS;481x491x25.0;Cajon HSS;460x470x19.0;Cajon HSS;250x250x12.5;329.94
82;11.6;2.1;8;8.3;X;L;150x150x12.5;Cajon HSS;491x501x25.0;Cajon HSS;470x480x19.0;Cajon HSS;250x250x12.5;337.28
82;11.6;2.1;8;8.4;X;T;150x150x12.5;Cajon HSS;501x511x25.0;Cajon HSS;480x490x19.0;Cajon HSS;250x250x12.5;344.78
82;11.6;2.1;8;8.4;X;L;150x150x12.5;Cajon HSS;511x481x25.0;Cajon HSS;490x460x19.0;Cajon HSS;250x250x12.5;337.44
82;11.6;2.1;8;8.5;X;T;150x150x12.5;Cajon HSS;481x491x25.0;Cajon HSS;460x470x19.0;Cajon HSS;250x250x12.5;330.26
82;11.6;2.1;8;8.5;X;L;150x150x12.5;Cajon HSS;491x501x25.0;Cajon HSS;470x480x19.0;Cajon HSS;250x250x12.5;337.61
82;11.6;2.1;8;8.6;X;T;150x150x12.5;Cajon HSS;501x511x25.0;Cajon HSS;480x490x19.0;Cajon HSS;250x250x12.5;345.12
82;11.6;2.1;8;8.6;X;L;150x150x12.5;Cajon HSS;511x481x25.0;Cajon HSS;490x460x19.0;Cajon HSS;250x250x12.5;337.77
82;11.6;2.1;8;8.7;X;T;150x150x12.5;Cajon HSS;481x491x25.0;Cajon HSS;460x470x19.0;Cajon HSS;250x250x12.5;330.58
82;11.6;2.1;8;8.7;X;L;150x150x12.5;Cajon HSS;491x501x25.0;Cajon HSS;470x480x19.0;Cajon HSS;250x250x12.5;337.93
82;11.6;2.1;8;8.8;X;T;150x150x12.5;Cajon HSS;501x511x25.0;Cajon HSS;480x490x19.0;Cajon HSS;250x250x12.5;345.45
82;11.6;2.1;8;8.8;X;L;150x150x12.5;Cajon HSS;511x481x25.0;Cajon HSS;490x460x19.0;Cajon HSS;250x250x12.5;338.1
82;11.6;2.1;8;8.9;X;T;150x150x12.5;Cajon HSS;481x491x25.0;Cajon HSS;460x470x19.0;Cajon HSS;250x250x12.5;330.9
82;11.6;2.1;8;8.9;X;L;150x150x12.5;Cajon HSS;491x501x25.0;Cajon HSS;470x480x19.0;Cajon HSS;250x250x12.5;338.26
82;11.6;2.1;8;9;X;T;150x150x12.5;Cajon HSS;501x511x25.0;Cajon HSS;480x490x19.0;Cajon HSS;250x250x12.5;345.79
82;11.6;2.1;8;9;X;L;150x150x12.5;Cajon HSS;511x481x25.0;Cajon HSS;490x460x19.0;Cajon HSS;250x250x12.5;338.43
82;11.6;2.1;8;9.1;X;T;150x150x12.5;Cajon HSS;481x491x25.0;Cajon HSS;460x470x19.0;Cajon HSS;250x250x12.5;331.23
82;11.6;2.1;8;9.1;X;L;150x150x12.5;Cajon HSS;491x501x25.0;Cajon HSS;470x480x19.0;Cajon HSS;250x250x12.5;338.59
82;11.6;2.1;8;9.2;X;T;150x150x12.5;Cajon HSS;501x511x25.0;Cajon HSS;480x490x19.0;Cajon HSS;250x250x12.5;346.13
82;11.6;2.1;8;9.2;X;L;150x150x12.5;Cajon HSS;511x481x25.0;Cajon HSS;490x460x19.0;Cajon HSS;250x250x12.5;338.76
83;11.6;2.1;8;8.3;X;T;150x150x12.5;Cajon HSS;484x494x25.0;Cajon HSS;460x470x19.0;Cajon HSS;260x260x12.5;334.65
83;11.6;2.1;8;8.3;X;L;150x150x12.5;Cajon HSS;494x504x25.0;Cajon HSS;470x480x19.0;Cajon HSS;260x260x12.5;342.08
83;11.6;2.1;8;8.4;X;T;150x150x12.5;Cajon HSS;504x514x25.0;Cajon HSS;480x490x19.0;Cajon HSS;260x260x12.5;349.68
83;11.6;2.1;8;8.4;X;L;150x150x12.5;Cajon HSS;514x484x25.0;Cajon HSS;490x460x19.0;Cajon HSS;260x260x12.5;342.25
83;11.6;2.1;8;8.5;X;T;150x150x12.5;Cajon HSS;484x494x25.0;Cajon HSS;460x470x19.0;Cajon HSS;260x260x12.5;334.98
83;11.6;2.1;8;8.5;X;L;150x150x12.5;Cajon HSS;494x504x25.0;Cajon HSS;470x480x19.0;Cajon HSS;260x260x12.5;342.41
83;11.6;2.1;8;8.6;X;T;150x150x12.5;Cajon HSS;504x514x25.0;Cajon HSS;480x490x19.0;Cajon HSS;260x260x12.5;350.02
83;11.6;2.1;8;8.6;X;L;150x150x12.5;Cajon HSS;514x484x25.0;Cajon HSS;490x460x19.0;Cajon HSS;260x260x12.5;342.58
83;11.6;2.1;8;8.7;X;T;150x150x12.5;Cajon HSS;484x494x25.0;Cajon HSS;460x470x19.0;Cajon HSS;260x260x12.5;335.3
83;11.6;2.1;8;8.7;X;L;150x150x12.5;Cajon HSS;494x504x25.0;Cajon HSS;470x480x19.0;Cajon HSS;260x260x12.5;342.74
83;11.6;2.1;8;8.8;X;T;150x150x12.5;Cajon HSS;504x514x25.0;Cajon HSS;480x490x19.0;Cajon HSS;260x260x12.5;350.35
83;11.6;2.1;8;8.8;X;L;150x150x12.5;Cajon HSS;514x484x25.0;Cajon HSS;490x460x19.0;Cajon HSS;260x260x12.5;342.91
83;11.6;2.1;8;8.9;X;T;150x150x12.5;Cajon HSS;484x494x25.0;Cajon HSS;460x470x19.0;Cajon HSS;260x260x12.5;335.62
83;11.6;2.1;8;8.9;X;L;150x150x12.5;Cajon HSS;494x504x25.0;Cajon HSS;470x480x19.0;Cajon HSS;260x260x12.5;343.07
83;11.6;2.1;8;9;X;T;150x150x12.5;Cajon HSS;504x514x25.0;Cajon HSS;480x490x19.0;Cajon HSS;260x260x12.5;350.69
83;11.6;2.1;8;9;X;L;150x150x12.5;Cajon HSS;514x484x25.0;Cajon HSS;490x460x19.0;Cajon HSS;260x260x12.5;343.24
83;11.6;2.1;8;9.1;X;T;150x150x12.5;Cajon HSS;484x494x25.0;Cajon HSS;460x470x19.0;Cajon HSS;260x260x12.5;335.94
83;11.6;2.1;8;9.1;X;L;150x150x12.5;Cajon HSS;494x504x25.0;Cajon HSS;470x480x19.0;Cajon HSS;260x260x12.5;343.4
83;11.6;2.1;8;9.2;X;T;150x150x12.5;Cajon HSS;504x514x25.0;Cajon HSS;480x490x19.0;Cajon HSS;260x260x12.5;351.03
83;11.6;2.1;8;9.2;X;L;150x150x12.5;Cajon HSS;514x484x25.0;Cajon HSS;490x460x19.0;Cajon HSS;260x260x12.5;343.57
83;11.6;2.1;8;9.3;X;T;150x150x12.5;Cajon HSS;484x494x25.0;Cajon HSS;460x470x19.0;Cajon HSS;260x260x12.5;336.27
83;11.6;2.1;8;9.3;X;L;150x150x12.5;Cajon HSS;494x504x25.0;Cajon HSS;470x480x19.0;Cajon HSS;260x260x12.5;343.73
84;11.6;2.1;8;8.4;X;T;150x150x12.5;Cajon HSS;507x517x25.0;Cajon HSS;480x490x19.0;Cajon HSS;260x260x16.0;354.6
84;11.6;2.1;8;8.4;X;L;150x150x12.5;Cajon HSS;517x487x25.0;Cajon HSS;490x460x19.0;Cajon HSS;260x260x16.0;347.07
84;11.6;2.1;8;8.5;X;T;150x150x12.5;Cajon HSS;487x497x25.0;Cajon HSS;460x470x19.0;Cajon HSS;260x260x16.0;339.71
84;11.6;2.1;8;8.5;X;L;150x150x12.5;Cajon HSS;497x507x25.0;Cajon HSS;470x480x19.0;Cajon HSS;260x260x16.0;347.24
84;11.6;2.1;8;8.6;X;T;150x150x12.5;Cajon HSS;507x517x25.0;Cajon HSS;480x490x19.0;Cajon HSS;260x260x16.0;354.94
84;11.6;2.1;8;8.6;X;L;150x150x12.5;Cajon HSS;517x487x25.0;Cajon HSS;490x460x19.0;Cajon HSS;260x260x16.0;347.41
84;11.6;2.1;8;8.7;X;T;150x150x12.5;Cajon HSS;487x497x25.0;Cajon HSS;460x470x19.0;Cajon HSS;260x260x16.0;340.03
84;11.6;2.1;8;8.7;X;L;150x150x12.5;Cajon HSS;497x507x25.0;Cajon HSS;470x480x19.0;Cajon HSS;260x260x16.0;347.57
84;11.6;2.1;8;8.8;X;T;150x150x12.5;Cajon HSS;507x517x25.0;Cajon HSS;480x490x19.0;Cajon HSS;260x260x16.0;355.28
84;11.6;2.1;8;8.8;X;L;150x150x12.5;Cajon HSS;517x487x25.0;Cajon HSS;490x460x19.0;Cajon HSS;260x260x16.0;347.74
84;11.6;2.1;8;8.9;X;T;150x150x12.5;Cajon HSS;487x497x25.0;Cajon HSS;460x470x19.0;Cajon HSS;260x260x16.0;340.36
84;11.6;2.1;8;8.9;X;L;150x150x12.5;Cajon HSS;497x507x25.0;Cajon HSS;470x480x19.0;Cajon HSS;260x260x16.0;347.9
84;11.6;2.1;8;9;X;T;150x150x12.5;Cajon HSS;507x517x25.0;Cajon HSS;480x490x19.0;Cajon HSS;260x260x16.0;355.61
84;11.6;2.1;8;9;X;L;150x150x12.5;Cajon HSS;517x487x25.0;Cajon HSS;490x460x19.0;Cajon HSS;260x260x16.0;348.07
84;11.6;2.1;8;9.1;X;T;150x150x12.5;Cajon HSS;487x497x25.0;Cajon HSS;460x470x19.0;Cajon HSS;260x260x16.0;340.68
84;11.6;2.1;8;9.1;X;L;150x150x12.5;Cajon HSS;497x507x25.0;Cajon HSS;470x480x19.0;Cajon HSS;260x260x16.0;348.23
84;11.6;2.1;8;9.2;X;T;150x150x12.5;Cajon HSS;507x517x25.0;Cajon HSS;480x490x19.0;Cajon HSS;260x260x16.0;355.95
84;11.6;2.1;8;9.2;X;L;150x150x12.5;Cajon HSS;517x487x25.0;Cajon HSS;490x460x19.0;Cajon HSS;260x260x16.0;348.4
84;11.6;2.1;8;9.3;X;T;150x150x12.5;Cajon HSS;487x497x25.0;Cajon HSS;460x470x19.0;Cajon HSS;260x260x16.0;341
84;11.6;2.1;8;9.3;X;L;150x150x12.5;Cajon HSS;497x507x25.0;Cajon HSS;470x480x19.0;Cajon HSS;260x260x16.0;348.56
84;11.6;2.1;8;9.4;X;T;150x150x12.5;Cajon HSS;507x517x25.0;Cajon HSS;480x490x19.0;Cajon HSS;260x260x16.0;356.29
84;11.6;2.1;8;9.4;X;L;150x150x12.5;Cajon HSS;517x487x25.0;Cajon HSS;490x460x19.0;Cajon HSS;260x260x16.0;348.73
85;11.6;2.1;8;8.5;X;T;150x150x12.5;Cajon HSS;490x500x25.0;Cajon HSS;470x480x19.0;Cajon HSS;260x260x16.0;350.2
85;11.6;2.1;8;8.5;X;L;150x150x12.5;Cajon HSS;500x510x25.0;Cajon HSS;480x480x19.0;Cajon HSS;260x260x16.0;354.96
85;11.6;2.1;8;8.6;X;T;150x150x12.5;Cajon HSS;510x520x25.0;Cajon HSS;480x490x19.0;Cajon HSS;260x260x16.0;359.88
85;11.6;2.1;8;8.6;X;L;150x150x12.5;Cajon HSS;520x490x25.0;Cajon HSS;490x470x19.0;Cajon HSS;260x260x16.0;355.12
85;11.6;2.1;8;8.7;X;T;150x150x12.5;Cajon HSS;490x500x25.0;Cajon HSS;470x480x19.0;Cajon HSS;260x260x16.0;350.53
85;11.6;2.1;8;8.7;X;L;150x150x12.5;Cajon HSS;500x510x25.0;Cajon HSS;480x480x19.0;Cajon HSS;260x260x16.0;355.29
85;11.6;2.1;8;8.8;X;T;150x150x12.5;Cajon HSS;510x520x25.0;Cajon HSS;480x490x19.0;Cajon HSS;260x260x16.0;360.22
85;11.6;2.1;8;8.8;X;L;150x150x12.5;Cajon HSS;520x490x25.0;Cajon HSS;490x470x19.0;Cajon HSS;260x260x16.0;355.46
85;11.6;2.1;8;8.9;X;T;150x150x12.5;Cajon HSS;490x500x25.0;Cajon HSS;470x480x19.0;Cajon HSS;260x260x16.0;350.86
85;11.6;2.1;8;8.9;X;L;150x150x12.5;Cajon HSS;500x510x25.0;Cajon HSS;480x480x19.0;Cajon HSS;260x260x16.0;355.62
85;11.6;2.1;8;9;X;T;150x150x12.5;Cajon HSS;510x520x25.0;Cajon HSS;480x490x19.0;Cajon HSS;260x260x16.0;360.56
85;11.6;2.1;8;9;X;L;150x150x12.5;Cajon HSS;520x490x25.0;Cajon HSS;490x470x19.0;Cajon HSS;260x260x16.0;355.79
85;11.6;2.1;8;9.1;X;T;150x150x12.5;Cajon HSS;490x500x25.0;Cajon HSS;470x480x19.0;Cajon HSS;260x260x16.0;351.19
85;11.6;2.1;8;9.1;X;L;150x150x12.5;Cajon HSS;500x510x25.0;Cajon HSS;480x480x19.0;Cajon HSS;260x260x16.0;355.96
85;11.6;2.1;8;9.2;X;T;150x150x12.5;Cajon HSS;510x520x25.0;Cajon HSS;480x490x19.0;Cajon HSS;260x260x16.0;360.9
85;11.6;2.1;8;9.2;X;L;150x150x12.5;Cajon HSS;520x490x25.0;Cajon HSS;490x470x19.0;Cajon HSS;260x260x16.0;356.13
85;11.6;2.1;8;9.3;X;T;150x150x12.5;Cajon HSS;490x500x25.0;Cajon HSS;470x480x19.0;Cajon HSS;260x260x16.0;351.52
85;11.6;2.1;8;9.3;X;L;150x150x12.5;Cajon HSS;500x510x25.0;Cajon HSS;480x480x19.0;Cajon HSS;260x260x16.0;356.29
85;11.6;2.1;8;9.4;X;T;150x150x12.5;Cajon HSS;510x520x25.0;Cajon HSS;480x490x19.0;Cajon HSS;260x260x16.0;361.23
85;11.6;2.1;8;9.4;X;L;150x150x12.5;Cajon HSS;520x490x25.0;Cajon HSS;490x470x19.0;Cajon HSS;260x260x16.0;356.46
85;11.6;2.1;8;9.5;X;T;150x150x12.5;Cajon HSS;490x500x25.0;Cajon HSS;470x480x19.0;Cajon HSS;260x260x16.0;351.85
85;11.6;2.1;8;9.5;X;L;150x150x12.5;Cajon HSS;500x510x25.0;Cajon HSS;480x480x19.0;Cajon HSS;260x260x16.0;356.63
86;11.6;2.1;9;8.6;X;T;150x150x12.5;Cajon HSS;513x523x25.0;Cajon HSS;490x500x19.0;Cajon HSS;260x260x16.0;405.21
86;11.6;2.1;9;8.6;X;L;150x150x12.5;Cajon HSS;523x493x25.0;Cajon HSS;500x470x19.0;Cajon HSS;260x260x16.0;396.76
86;11.6;2.1;9;8.7;X;T;150x150x12.5;Cajon HSS;493x503x25.0;Cajon HSS;470x480x19.0;Cajon HSS;260x260x16.0;388.5
86;11.6;2.1;9;8.7;X;L;150x150x12.5;Cajon HSS;503x513x25.0;Cajon HSS;480x490x19.0;Cajon HSS;260x260x16.0;396.95
86;11.6;2.1;9;8.8;X;T;150x150x12.5;Cajon HSS;513x523x25.0;Cajon HSS;490x500x19.0;Cajon HSS;260x260x16.0;405.59
86;11.6;2.1;9;8.8;X;L;150x150x12.5;Cajon HSS;523x493x25.0;Cajon HSS;500x470x19.0;Cajon HSS;260x260x16.0;397.13
86;11.6;2.1;9;8.9;X;T;150x150x12.5;Cajon HSS;493x503x25.0;Cajon HSS;470x480x19.0;Cajon HSS;260x260x16.0;388.86
86;11.6;2.1;9;8.9;X;L;150x150x12.5;Cajon HSS;503x513x25.0;Cajon HSS;480x490x19.0;Cajon HSS;260x260x16.0;397.32
86;11.6;2.1;9;9;X;T;150x150x12.5;Cajon HSS;513x523x25.0;Cajon HSS;490x500x19.0;Cajon HSS;260x260x16.0;405.96
86;11.6;2.1;9;9;X;L;150x150x12.5;Cajon HSS;523x493x25.0;Cajon HSS;500x470x19.0;Cajon HSS;260x260x16.0;397.5
86;11.6;2.1;9;9.1;X;T;150x150x12.5;Cajon HSS;493x503x25.0;Cajon HSS;470x480x19.0;Cajon HSS;260x260x16.0;389.22
86;11.6;2.1;9;9.1;X;L;150x150x12.5;Cajon HSS;503x513x25.0;Cajon HSS;480x490x19.0;Cajon HSS;260x260x16.0;397.69
86;11.6;2.1;9;9.2;X;T;150x150x12.5;Cajon HSS;513x523x25.0;Cajon HSS;490x500x19.0;Cajon HSS;260x260x16.0;406.34
86;11.6;2.1;9;9.2;X;L;150x150x12.5;Cajon HSS;523x493x25.0;Cajon HSS;500x470x19.0;Cajon HSS;260x260x16.0;397.87
86;11.6;2.1;9;9.3;X;T;150x150x12.5;Cajon HSS;493x503x25.0;Cajon HSS;470x480x19.0;Cajon HSS;260x260x16.0;389.58
86;11.6;2.1;9;9.3;X;L;150x150x12.5;Cajon HSS;503x513x25.0;Cajon HSS;480x490x19.0;Cajon HSS;260x260x16.0;398.06
86;11.6;2.1;9;9.4;X;T;150x150x12.5;Cajon HSS;513x523x25.0;Cajon HSS;490x500x19.0;Cajon HSS;260x260x16.0;406.72
86;11.6;2.1;9;9.4;X;L;150x150x12.5;Cajon HSS;523x493x25.0;Cajon HSS;500x470x19.0;Cajon HSS;260x260x16.0;398.24
86;11.6;2.1;9;9.5;X;T;150x150x12.5;Cajon HSS;493x503x25.0;Cajon HSS;470x480x19.0;Cajon HSS;260x260x16.0;389.94
86;11.6;2.1;9;9.5;X;L;150x150x12.5;Cajon HSS;503x513x25.0;Cajon HSS;480x490x19.0;Cajon HSS;260x260x16.0;398.42
86;11.6;2.1;9;9.6;X;T;150x150x12.5;Cajon HSS;513x523x25.0;Cajon HSS;490x500x19.0;Cajon HSS;260x260x16.0;407.09
86;11.6;2.1;9;9.6;X;L;150x150x12.5;Cajon HSS;523x493x25.0;Cajon HSS;500x470x19.0;Cajon HSS;260x260x16.0;398.61
87;11.6;2.1;9;8.7;X;T;150x150x12.5;Cajon HSS;496x506x25.0;Cajon HSS;470x480x19.0;Cajon HSS;260x260x16.0;393.77
87;11.6;2.1;9;8.7;X;L;150x150x12.5;Cajon HSS;506x516x25.0;Cajon HSS;480x490x19.0;Cajon HSS;260x260x16.0;402.32
87;11.6;2.1;9;8.8;X;T;150x150x12.5;Cajon HSS;516x526x25.0;Cajon HSS;490x500x19.0;Cajon HSS;260x260x16.0;411.06
87;11.6;2.1;9;8.8;X;L;150x150x12.5;Cajon HSS;526x496x25.0;Cajon HSS;500x470x19.0;Cajon HSS;260x260x16.0;402.5
87;11.6;2.1;9;8.9;X;T;150x150x12.5;Cajon HSS;496x506x25.0;Cajon HSS;470x480x19.0;Cajon HSS;260x260x16.0;394.13
87;11.6;2.1;9;8.9;X;L;150x150x12.5;Cajon HSS;506x516x25.0;Cajon HSS;480x490x19.0;Cajon HSS;260x260x16.0;402.69
87;11.6;2.1;9;9;X;T;150x150x12.5;Cajon HSS;516x526x25.0;Cajon HSS;490x500x19.0;Cajon HSS;260x260x16.0;411.44
87;11.6;2.1;9;9;X;L;150x150x12.5;Cajon HSS;526x496x25.0;Cajon HSS;500x470x19.0;Cajon HSS;260x260x16.0;402.87
87;11.6;2.1;9;9.1;X;T;150x150x12.5;Cajon HSS;496x506x25.0;Cajon HSS;470x480x19.0;Cajon HSS;260x260x16.0;394.49
87;11.6;2.1;9;9.1;X;L;150x150x12.5;Cajon HSS;506x516x25.0;Cajon HSS;480x490x19.0;Cajon HSS;260x260x16.0;403.06
87;11.6;2.1;9;9.2;X;T;150x150x12.5;Cajon HSS;516x526x25.0;Cajon HSS;490x500x19.0;Cajon HSS;260x260x16.0;411.81
87;11.6;2.1;9;9.2;X;L;150x150x12.5;Cajon HSS;526x496x25.0;Cajon HSS;500x470x19.0;Cajon HSS;260x260x16.0;403.24
87;11.6;2.1;9;9.3;X;T;150x150x12.5;Cajon HSS;496x506x25.0;Cajon HSS;470x480x19.0;Cajon HSS;260x260x16.0;394.85
87;11.6;2.1;9;9.3;X;L;150x150x12.5;Cajon HSS;506x516x25.0;Cajon HSS;480x490x19.0;Cajon HSS;260x260x16.0;403.43
87;11.6;2.1;9;9.4;X;T;150x150x12.5;Cajon HSS;516x526x25.0;Cajon HSS;490x500x19.0;Cajon HSS;260x260x16.0;412.19
87;11.6;2.1;9;9.4;X;L;150x150x12.5;Cajon HSS;526x496x25.0;Cajon HSS;500x470x19.0;Cajon HSS;260x260x16.0;403.61
87;11.6;2.1;9;9.5;X;T;150x150x12.5;Cajon HSS;496x506x25.0;Cajon HSS;470x480x19.0;Cajon HSS;260x260x16.0;395.22
87;11.6;2.1;9;9.5;X;L;150x150x12.5;Cajon HSS;506x516x25.0;Cajon HSS;480x490x19.0;Cajon HSS;260x260x16.0;403.8
87;11.6;2.1;9;9.6;X;T;150x150x12.5;Cajon HSS;516x526x25.0;Cajon HSS;490x500x19.0;Cajon HSS;260x260x16.0;412.57
87;11.6;2.1;9;9.6;X;L;150x150x12.5;Cajon HSS;526x496x25.0;Cajon HSS;500x470x19.0;Cajon HSS;260x260x16.0;403.98
87;11.6;2.1;9;9.7;X;T;150x150x12.5;Cajon HSS;496x506x25.0;Cajon HSS;470x480x19.0;Cajon HSS;260x260x16.0;395.58
87;11.6;2.1;9;9.7;X;L;150x150x12.5;Cajon HSS;506x516x25.0;Cajon HSS;480x490x19.0;Cajon HSS;260x260x16.0;404.17
88;11.6;2.1;9;8.8;X;T;150x150x12.5;Cajon HSS;519x529x25.0;Cajon HSS;490x500x19.0;Cajon HSS;270x270x16.0;416.55
88;11.6;2.1;9;8.8;X;L;150x150x12.5;Cajon HSS;529x499x25.0;Cajon HSS;500x470x19.0;Cajon HSS;270x270x16.0;407.9
88;11.6;2.1;9;8.9;X;T;150x150x12.5;Cajon HSS;499x509x25.0;Cajon HSS;470x480x19.0;Cajon HSS;270x270x16.0;399.42
88;11.6;2.1;9;8.9;X;L;150x150x12.5;Cajon HSS;509x519x25.0;Cajon HSS;480x490x19.0;Cajon HSS;270x270x16.0;408.08
88;11.6;2.1;9;9;X;T;150x150x12.5;Cajon HSS;519x529x25.0;Cajon HSS;490x500x19.0;Cajon HSS;270x270x16.0;416.93
88;11.6;2.1;9;9;X;L;150x150x12.5;Cajon HSS;529x499x25.0;Cajon HSS;500x470x19.0;Cajon HSS;270x270x16.0;408.27
88;11.6;2.1;9;9.1;X;T;150x150x12.5;Cajon HSS;499x509x25.0;Cajon HSS;470x480x19.0;Cajon HSS;270x270x16.0;399.78
88;11.6;2.1;9;9.1;X;L;150x150x12.5;Cajon HSS;509x519x25.0;Cajon HSS;480x490x19.0;Cajon HSS;270x270x16.0;408.45
88;11.6;2.1;9;9.2;X;T;150x150x12.5;Cajon HSS;519x529x25.0;Cajon HSS;490x500x19.0;Cajon HSS;270x270x16.0;417.31
88;11.6;2.1;9;9.2;X;L;150x150x12.5;Cajon HSS;529x499x25.0;Cajon HSS;500x470x19.0;Cajon HSS;270x270x16.0;408.64
88;11.6;2.1;9;9.3;X;T;150x150x12.5;Cajon HSS;499x509x25.0;Cajon HSS;470x480x19.0;Cajon HSS;270x270x16.0;400.15
88;11.6;2.1;9;9.3;X;L;150x150x12.5;Cajon HSS;509x519x25.0;Cajon HSS;480x490x19.0;Cajon HSS;270x270x16.0;408.82
88;11.6;2.1;9;9.4;X;T;150x150x12.5;Cajon HSS;519x529x25.0;Cajon HSS;490x500x19.0;Cajon HSS;270x270x16.0;417.69
88;11.6;2.1;9;9.4;X;L;150x150x12.5;Cajon HSS;529x499x25.0;Cajon HSS;500x470x19.0;Cajon HSS;270x270x16.0;409.01
88;11.6;2.1;9;9.5;X;T;150x150x12.5;Cajon HSS;499x509x25.0;Cajon HSS;470x480x19.0;Cajon HSS;270x270x16.0;400.51
88;11.6;2.1;9;9.5;X;L;150x150x12.5;Cajon HSS;509x519x25.0;Cajon HSS;480x490x19.0;Cajon HSS;270x270x16.0;409.19
88;11.6;2.1;9;9.6;X;T;150x150x12.5;Cajon HSS;519x529x25.0;Cajon HSS;490x500x19.0;Cajon HSS;270x270x16.0;418.07
88;11.6;2.1;9;9.6;X;L;150x150x12.5;Cajon HSS;529x499x25.0;Cajon HSS;500x470x19.0;Cajon HSS;270x270x16.0;409.38
88;11.6;2.1;9;9.7;X;T;150x150x12.5;Cajon HSS;499x509x25.0;Cajon HSS;470x480x19.0;Cajon HSS;270x270x16.0;400.87
88;11.6;2.1;9;9.7;X;L;150x150x12.5;Cajon HSS;509x519x25.0;Cajon HSS;480x490x19.0;Cajon HSS;270x270x16.0;409.56
88;11.6;2.1;9;9.8;X;T;150x150x12.5;Cajon HSS;519x529x25.0;Cajon HSS;490x500x19.0;Cajon HSS;270x270x16.0;418.45
88;11.6;2.1;9;9.8;X;L;150x150x12.5;Cajon HSS;529x499x25.0;Cajon HSS;500x470x19.0;Cajon HSS;270x270x16.0;409.75
89;11.6;2.1;9;8.9;X;T;150x150x12.5;Cajon HSS;502x512x25.0;Cajon HSS;480x490x19.0;Cajon HSS;270x270x16.0;411.51
89;11.6;2.1;9;8.9;X;L;150x150x12.5;Cajon HSS;512x522x25.0;Cajon HSS;490x500x19.0;Cajon HSS;270x270x16.0;420.28
89;11.6;2.1;9;9;X;T;150x150x12.5;Cajon HSS;522x532x25.0;Cajon HSS;500x510x19.0;Cajon HSS;270x270x16.0;429.23
89;11.6;2.1;9;9;X;L;150x150x12.5;Cajon HSS;532x502x25.0;Cajon HSS;510x480x19.0;Cajon HSS;270x270x16.0;420.46
89;11.6;2.1;9;9.1;X;T;150x150x12.5;Cajon HSS;502x512x25.0;Cajon HSS;480x490x19.0;Cajon HSS;270x270x16.0;411.88
89;11.6;2.1;9;9.1;X;L;150x150x12.5;Cajon HSS;512x522x25.0;Cajon HSS;490x500x19.0;Cajon HSS;270x270x16.0;420.65
89;11.6;2.1;9;9.2;X;T;150x150x12.5;Cajon HSS;522x532x25.0;Cajon HSS;500x510x19.0;Cajon HSS;270x270x16.0;429.62
89;11.6;2.1;9;9.2;X;L;150x150x12.5;Cajon HSS;532x502x25.0;Cajon HSS;510x480x19.0;Cajon HSS;270x270x16.0;420.84
89;11.6;2.1;9;9.3;X;T;150x150x12.5;Cajon HSS;502x512x25.0;Cajon HSS;480x490x19.0;Cajon HSS;270x270x16.0;412.25
89;11.6;2.1;9;9.3;X;L;150x150x12.5;Cajon HSS;512x522x25.0;Cajon HSS;490x500x19.0;Cajon HSS;270x270x16.0;421.03
89;11.6;2.1;9;9.4;X;T;150x150x12.5;Cajon HSS;522x532x25.0;Cajon HSS;500x510x19.0;Cajon HSS;270x270x16.0;430
89;11.6;2.1;9;9.4;X;L;150x150x12.5;Cajon HSS;532x502x25.0;Cajon HSS;510x480x19.0;Cajon HSS;270x270x16.0;421.22
89;11.6;2.1;9;9.5;X;T;150x150x12.5;Cajon HSS;502x512x25.0;Cajon HSS;480x490x19.0;Cajon HSS;270x270x16.0;412.62
89;11.6;2.1;9;9.5;X;L;150x150x12.5;Cajon HSS;512x522x25.0;Cajon HSS;490x500x19.0;Cajon HSS;270x270x16.0;421.41
89;11.6;2.1;9;9.6;X;T;150x150x12.5;Cajon HSS;522x532x25.0;Cajon HSS;500x510x19.0;Cajon HSS;270x270x16.0;430.39
89;11.6;2.1;9;9.6;X;L;150x150x12.5;Cajon HSS;532x502x25.0;Cajon HSS;510x480x19.0;Cajon HSS;270x270x16.0;421.6
89;11.6;2.1;9;9.7;X;T;150x150x12.5;Cajon HSS;502x512x25.0;Cajon HSS;480x490x19.0;Cajon HSS;270x270x16.0;412.99
89;11.6;2.1;9;9.7;X;L;150x150x12.5;Cajon HSS;512x522x25.0;Cajon HSS;490x500x19.0;Cajon HSS;270x270x16.0;421.79
89;11.6;2.1;9;9.8;X;T;150x150x12.5;Cajon HSS;522x532x25.0;Cajon HSS;500x510x19.0;Cajon HSS;270x270x16.0;430.77
89;11.6;2.1;9;9.8;X;L;150x150x12.5;Cajon HSS;532x502x25.0;Cajon HSS;510x480x19.0;Cajon HSS;270x270x16.0;421.98
89;11.6;2.1;9;9.9;X;T;150x150x12.5;Cajon HSS;502x512x25.0;Cajon HSS;480x490x19.0;Cajon HSS;270x270x16.0;413.36
89;11.6;2.1;9;9.9;X;L;150x150x12.5;Cajon HSS;512x522x25.0;Cajon HSS;490x500x19.0;Cajon HSS;270x270x16.0;422.16
90;11.6;2.1;9;9;X;T;150x150x12.5;Cajon HSS;525x535x25.0;Cajon HSS;500x510x19.0;Cajon HSS;270x270x16.0;434.85
90;11.6;2.1;9;9;X;L;150x150x12.5;Cajon HSS;535x505x25.0;Cajon HSS;510x480x19.0;Cajon HSS;270x270x16.0;425.98
90;11.6;2.1;9;9.1;X;T;150x150x12.5;Cajon HSS;505x515x25.0;Cajon HSS;480x490x19.0;Cajon HSS;270x270x16.0;417.3
90;11.6;2.1;9;9.1;X;L;150x150x12.5;Cajon HSS;515x525x25.0;Cajon HSS;490x500x19.0;Cajon HSS;270x270x16.0;426.17
90;11.6;2.1;9;9.2;X;T;150x150x12.5;Cajon HSS;525x535x25.0;Cajon HSS;500x510x19.0;Cajon HSS;270x270x16.0;435.24
90;11.6;2.1;9;9.2;X;L;150x150x12.5;Cajon HSS;535x505x25.0;Cajon HSS;510x480x19.0;Cajon HSS;270x270x16.0;426.36
90;11.6;2.1;9;9.3;X;T;150x150x12.5;Cajon HSS;505x515x25.0;Cajon HSS;480x490x19.0;Cajon HSS;270x270x16.0;417.67
90;11.6;2.1;9;9.3;X;L;150x150x12.5;Cajon HSS;515x525x25.0;Cajon HSS;490x500x19.0;Cajon HSS;270x270x16.0;426.55
90;11.6;2.1;9;9.4;X;T;150x150x12.5;Cajon HSS;525x535x25.0;Cajon HSS;500x510x19.0;Cajon HSS;270x270x16.0;435.62
90;11.6;2.1;9;9.4;X;L;150x150x12.5;Cajon HSS;535x505x25.0;Cajon HSS;510x480x19.0;Cajon HSS;270x270x16.0;426.74
90;11.6;2.1;9;9.5;X;T;150x150x12.5;Cajon HSS;505x515x25.0;Cajon HSS;480x490x19.0;Cajon HSS;270x270x16.0;418.04
90;11.6;2.1;9;9.5;X;L;150x150x12.5;Cajon HSS;515x525x25.0;Cajon HSS;490x500x19.0;Cajon HSS;270x270x16.0;426.93
90;11.6;2.1;9;9.6;X;T;150x150x12.5;Cajon HSS;525x535x25.0;Cajon HSS;500x510x19.0;Cajon HSS;270x270x16.0;436.01
90;11.6;2.1;9;9.6;X;L;150x150x12.5;Cajon HSS;535x505x25.0;Cajon HSS;510x480x19.0;Cajon HSS;270x270x16.0;427.12
90;11.6;2.1;9;9.7;X;T;150x150x12.5;Cajon HSS;505x515x25.0;Cajon HSS;480x490x19.0;Cajon HSS;270x270x16.0;418.41
90;11.6;2.1;9;9.7;X;L;150x150x12.5;Cajon HSS;515x525x25.0;Cajon HSS;490x500x19.0;Cajon HSS;270x270x16.0;427.31
90;11.6;2.1;9;9.8;X;T;150x150x12.5;Cajon HSS;525x535x25.0;Cajon HSS;500x510x19.0;Cajon HSS;270x270x16.0;436.4
90;11.6;2.1;9;9.8;X;L;150x150x12.5;Cajon HSS;535x505x25.0;Cajon HSS;510x480x19.0;Cajon HSS;270x270x16.0;427.5
90;11.6;2.1;9;9.9;X;T;150x150x12.5;Cajon HSS;505x515x25.0;Cajon HSS;480x490x19.0;Cajon HSS;270x270x16.0;418.78
90;11.6;2.1;9;9.9;X;L;150x150x12.5;Cajon HSS;515x525x25.0;Cajon HSS;490x500x19.0;Cajon HSS;270x270x16.0;427.68
90;11.6;2.1;9;10;X;T;150x150x12.5;Cajon HSS;525x535x25.0;Cajon HSS;500x510x19.0;Cajon HSS;270x270x16.0;436.78
90;11.6;2.1;9;10;X;L;150x150x12.5;Cajon HSS;535x505x25.0;Cajon HSS;510x480x19.0;Cajon HSS;270x270x16.0;427.87
91;11.6;2.1;9;9.1;X;T;150x150x12.5;Cajon HSS;508x518x25.0;Cajon HSS;480x490x19.0;Cajon HSS;270x270x16.0;422.73
91;11.6;2.1;9;9.1;X;L;150x150x12.5;Cajon HSS;518x528x25.0;Cajon HSS;490x500x19.0;Cajon HSS;270x270x16.0;431.71
91;11.6;2.1;9;9.2;X;T;150x150x12.5;Cajon HSS;528x538x25.0;Cajon HSS;500x510x19.0;Cajon HSS;270x270x16.0;440.88
91;11.6;2.1;9;9.2;X;L;150x150x12.5;Cajon HSS;538x508x25.0;Cajon HSS;510x480x19.0;Cajon HSS;270x270x16.0;431.9
91;11.6;2.1;9;9.3;X;T;150x150x12.5;Cajon HSS;508x518x25.0;Cajon HSS;480x490x19.0;Cajon HSS;270x270x16.0;423.1
91;11.6;2.1;9;9.3;X;L;150x150x12.5;Cajon HSS;518x528x25.0;Cajon HSS;490x500x19.0;Cajon HSS;270x270x16.0;432.09
91;11.6;2.1;9;9.4;X;T;150x150x12.5;Cajon HSS;528x538x25.0;Cajon HSS;500x510x19.0;Cajon HSS;270x270x16.0;441.27
91;11.6;2.1;9;9.4;X;L;150x150x12.5;Cajon HSS;538x508x25.0;Cajon HSS;510x480x19.0;Cajon HSS;270x270x16.0;432.28
91;11.6;2.1;9;9.5;X;T;150x150x12.5;Cajon HSS;508x518x25.0;Cajon HSS;480x490x19.0;Cajon HSS;270x270x16.0;423.48
91;11.6;2.1;9;9.5;X;L;150x150x12.5;Cajon HSS;518x528x25.0;Cajon HSS;490x500x19.0;Cajon HSS;270x270x16.0;432.47
91;11.6;2.1;9;9.6;X;T;150x150x12.5;Cajon HSS;528x538x25.0;Cajon HSS;500x510x19.0;Cajon HSS;270x270x16.0;441.65
91;11.6;2.1;9;9.6;X;L;150x150x12.5;Cajon HSS;538x508x25.0;Cajon HSS;510x480x19.0;Cajon HSS;270x270x16.0;432.66
91;11.6;2.1;9;9.7;X;T;150x150x12.5;Cajon HSS;508x518x25.0;Cajon HSS;480x490x19.0;Cajon HSS;270x270x16.0;423.85
91;11.6;2.1;9;9.7;X;L;150x150x12.5;Cajon HSS;518x528x25.0;Cajon HSS;490x500x19.0;Cajon HSS;270x270x16.0;432.85
91;11.6;2.1;9;9.8;X;T;150x150x12.5;Cajon HSS;528x538x25.0;Cajon HSS;500x510x19.0;Cajon HSS;270x270x16.0;442.04
91;11.6;2.1;9;9.8;X;L;150x150x12.5;Cajon HSS;538x508x25.0;Cajon HSS;510x480x19.0;Cajon HSS;270x270x16.0;433.04
91;11.6;2.1;9;9.9;X;T;150x150x12.5;Cajon HSS;508x518x25.0;Cajon HSS;480x490x19.0;Cajon HSS;270x270x16.0;424.22
91;11.6;2.1;9;9.9;X;L;150x150x12.5;Cajon HSS;518x528x25.0;Cajon HSS;490x500x19.0;Cajon HSS;270x270x16.0;433.23
91;11.6;2.1;9;10;X;T;150x150x12.5;Cajon HSS;528x538x25.0;Cajon HSS;500x510x19.0;Cajon HSS;270x270x16.0;442.43
91;11.6;2.1;9;10;X;L;150x150x12.5;Cajon HSS;538x508x25.0;Cajon HSS;510x480x19.0;Cajon HSS;270x270x16.0;433.42
91;11.6;2.1;9;10.1;X;T;150x150x12.5;Cajon HSS;508x518x25.0;Cajon HSS;480x490x19.0;Cajon HSS;270x270x16.0;424.59
91;11.6;2.1;9;10.1;X;L;150x150x12.5;Cajon HSS;518x528x25.0;Cajon HSS;490x500x19.0;Cajon HSS;270x270x16.0;433.61
92;11.6;2.1;9;9.2;X;T;150x150x12.5;Cajon HSS;531x541x25.0;Cajon HSS;500x510x19.0;Cajon HSS;270x270x16.0;446.54
92;11.6;2.1;9;9.2;X;L;150x150x12.5;Cajon HSS;541x511x25.0;Cajon HSS;510x490x19.0;Cajon HSS;270x270x16.0;440.97
92;11.6;2.1;9;9.3;X;T;150x150x12.5;Cajon HSS;511x521x25.0;Cajon HSS;490x490x19.0;Cajon HSS;270x270x16.0;432.08
92;11.6;2.1;9;9.3;X;L;150x150x12.5;Cajon HSS;521x531x25.0;Cajon HSS;490x500x19.0;Cajon HSS;270x270x16.0;437.65
92;11.6;2.1;9;9.4;X;T;150x150x12.5;Cajon HSS;531x541x25.0;Cajon HSS;500x510x19.0;Cajon HSS;270x270x16.0;446.93
92;11.6;2.1;9;9.4;X;L;150x150x12.5;Cajon HSS;541x511x25.0;Cajon HSS;510x490x19.0;Cajon HSS;270x270x16.0;441.36
92;11.6;2.1;9;9.5;X;T;150x150x12.5;Cajon HSS;511x521x25.0;Cajon HSS;490x490x19.0;Cajon HSS;270x270x16.0;432.45
92;11.6;2.1;9;9.5;X;L;150x150x12.5;Cajon HSS;521x531x25.0;Cajon HSS;490x500x19.0;Cajon HSS;270x270x16.0;438.03
92;11.6;2.1;9;9.6;X;T;150x150x12.5;Cajon HSS;531x541x25.0;Cajon HSS;500x510x19.0;Cajon HSS;270x270x16.0;447.32
92;11.6;2.1;9;9.6;X;L;150x150x12.5;Cajon HSS;541x511x25.0;Cajon HSS;510x490x19.0;Cajon HSS;270x270x16.0;441.74
92;11.6;2.1;9;9.7;X;T;150x150x12.5;Cajon HSS;511x521x25.0;Cajon HSS;490x490x19.0;Cajon HSS;270x270x16.0;432.83
92;11.6;2.1;9;9.7;X;L;150x150x12.5;Cajon HSS;521x531x25.0;Cajon HSS;490x500x19.0;Cajon HSS;270x270x16.0;438.41
92;11.6;2.1;9;9.8;X;T;150x150x12.5;Cajon HSS;531x541x25.0;Cajon HSS;500x510x19.0;Cajon HSS;270x270x16.0;447.71
92;11.6;2.1;9;9.8;X;L;150x150x12.5;Cajon HSS;541x511x25.0;Cajon HSS;510x490x19.0;Cajon HSS;270x270x16.0;442.12
92;11.6;2.1;9;9.9;X;T;150x150x12.5;Cajon HSS;511x521x25.0;Cajon HSS;490x490x19.0;Cajon HSS;270x270x16.0;433.21
92;11.6;2.1;9;9.9;X;L;150x150x12.5;Cajon HSS;521x531x25.0;Cajon HSS;490x500x19.0;Cajon HSS;270x270x16.0;438.79
92;11.6;2.1;9;10;X;T;150x150x12.5;Cajon HSS;531x541x25.0;Cajon HSS;500x510x19.0;Cajon HSS;270x270x16.0;448.1
92;11.6;2.1;9;10;X;L;150x150x12.5;Cajon HSS;541x511x25.0;Cajon HSS;510x490x19.0;Cajon HSS;270x270x16.0;442.51
92;11.6;2.1;9;10.1;X;T;150x150x12.5;Cajon HSS;511x521x25.0;Cajon HSS;490x490x19.0;Cajon HSS;270x270x16.0;433.58
92;11.6;2.1;9;10.1;X;L;150x150x12.5;Cajon HSS;521x531x25.0;Cajon HSS;490x500x19.0;Cajon HSS;270x270x16.0;439.17
92;11.6;2.1;9;10.2;X;T;150x150x12.5;Cajon HSS;531x541x25.0;Cajon HSS;500x510x19.0;Cajon HSS;270x270x16.0;448.48
92;11.6;2.1;9;10.2;X;L;150x150x12.5;Cajon HSS;541x511x25.0;Cajon HSS;510x490x19.0;Cajon HSS;270x270x16.0;442.89
93;11.6;2.1;9;9.3;X;T;150x150x12.5;Cajon HSS;514x524x25.0;Cajon HSS;490x500x19.0;Cajon HSS;280x280x16.0;441.15
93;11.6;2.1;9;9.3;X;L;150x150x12.5;Cajon HSS;524x534x25.0;Cajon HSS;500x510x19.0;Cajon HSS;280x280x16.0;450.34
93;11.6;2.1;9;9.4;X;T;150x150x12.5;Cajon HSS;534x544x25.0;Cajon HSS;510x520x19.0;Cajon HSS;280x280x16.0;459.73
93;11.6;2.1;9;9.4;X;L;150x150x12.5;Cajon HSS;544x514x25.0;Cajon HSS;520x490x19.0;Cajon HSS;280x280x16.0;450.54
93;11.6;2.1;9;9.5;X;T;150x150x12.5;Cajon HSS;514x524x25.0;Cajon HSS;490x500x19.0;Cajon HSS;280x280x16.0;441.53
93;11.6;2.1;9;9.5;X;L;150x150x12.5;Cajon HSS;524x534x25.0;Cajon HSS;500x510x19.0;Cajon HSS;280x280x16.0;450.73
93;11.6;2.1;9;9.6;X;T;150x150x12.5;Cajon HSS;534x544x25.0;Cajon HSS;510x520x19.0;Cajon HSS;280x280x16.0;460.13
93;11.6;2.1;9;9.6;X;L;150x150x12.5;Cajon HSS;544x514x25.0;Cajon HSS;520x490x19.0;Cajon HSS;280x280x16.0;450.93
93;11.6;2.1;9;9.7;X;T;150x150x12.5;Cajon HSS;514x524x25.0;Cajon HSS;490x500x19.0;Cajon HSS;280x280x16.0;441.91
93;11.6;2.1;9;9.7;X;L;150x150x12.5;Cajon HSS;524x534x25.0;Cajon HSS;500x510x19.0;Cajon HSS;280x280x16.0;451.12
93;11.6;2.1;9;9.8;X;T;150x150x12.5;Cajon HSS;534x544x25.0;Cajon HSS;510x520x19.0;Cajon HSS;280x280x16.0;460.52
93;11.6;2.1;9;9.8;X;L;150x150x12.5;Cajon HSS;544x514x25.0;Cajon HSS;520x490x19.0;Cajon HSS;280x280x16.0;451.31
93;11.6;2.1;9;9.9;X;T;150x150x12.5;Cajon HSS;514x524x25.0;Cajon HSS;490x500x19.0;Cajon HSS;280x280x16.0;442.29
93;11.6;2.1;9;9.9;X;L;150x150x12.5;Cajon HSS;524x534x25.0;Cajon HSS;500x510x19.0;Cajon HSS;280x280x16.0;451.51
93;11.6;2.1;9;10;X;T;150x150x12.5;Cajon HSS;534x544x25.0;Cajon HSS;510x520x19.0;Cajon HSS;280x280x16.0;460.92
93;11.6;2.1;9;10;X;L;150x150x12.5;Cajon HSS;544x514x25.0;Cajon HSS;520x490x19.0;Cajon HSS;280x280x16.0;451.7
93;11.6;2.1;9;10.1;X;T;150x150x12.5;Cajon HSS;514x524x25.0;Cajon HSS;490x500x19.0;Cajon HSS;280x280x16.0;442.67
93;11.6;2.1;9;10.1;X;L;150x150x12.5;Cajon HSS;524x534x25.0;Cajon HSS;500x510x19.0;Cajon HSS;280x280x16.0;451.89
93;11.6;2.1;9;10.2;X;T;150x150x12.5;Cajon HSS;534x544x25.0;Cajon HSS;510x520x19.0;Cajon HSS;280x280x16.0;461.31
93;11.6;2.1;9;10.2;X;L;150x150x12.5;Cajon HSS;544x514x25.0;Cajon HSS;520x490x19.0;Cajon HSS;280x280x16.0;452.09
93;11.6;2.1;9;10.3;X;T;150x150x12.5;Cajon HSS;514x524x25.0;Cajon HSS;490x500x19.0;Cajon HSS;280x280x16.0;443.05
93;11.6;2.1;9;10.3;X;L;150x150x12.5;Cajon HSS;524x534x25.0;Cajon HSS;500x510x19.0;Cajon HSS;280x280x16.0;452.28
94;11.6;2.1;9;9.4;X;T;150x150x12.5;Cajon HSS;537x547x25.0;Cajon HSS;510x520x19.0;Cajon HSS;280x280x16.0;465.52
94;11.6;2.1;9;9.4;X;L;150x150x12.5;Cajon HSS;547x517x25.0;Cajon HSS;520x490x19.0;Cajon HSS;280x280x16.0;456.22
94;11.6;2.1;9;9.5;X;T;150x150x12.5;Cajon HSS;517x527x25.0;Cajon HSS;490x500x19.0;Cajon HSS;280x280x16.0;447.12
94;11.6;2.1;9;9.5;X;L;150x150x12.5;Cajon HSS;527x537x25.0;Cajon HSS;500x510x19.0;Cajon HSS;280x280x16.0;456.42
94;11.6;2.1;9;9.6;X;T;150x150x12.5;Cajon HSS;537x547x25.0;Cajon HSS;510x520x19.0;Cajon HSS;280x280x16.0;465.92
94;11.6;2.1;9;9.6;X;L;150x150x12.5;Cajon HSS;547x517x25.0;Cajon HSS;520x490x19.0;Cajon HSS;280x280x16.0;456.61
94;11.6;2.1;9;9.7;X;T;150x150x12.5;Cajon HSS;517x527x25.0;Cajon HSS;490x500x19.0;Cajon HSS;280x280x16.0;447.5
94;11.6;2.1;9;9.7;X;L;150x150x12.5;Cajon HSS;527x537x25.0;Cajon HSS;500x510x19.0;Cajon HSS;280x280x16.0;456.81
94;11.6;2.1;9;9.8;X;T;150x150x12.5;Cajon HSS;537x547x25.0;Cajon HSS;510x520x19.0;Cajon HSS;280x280x16.0;466.31
94;11.6;2.1;9;9.8;X;L;150x150x12.5;Cajon HSS;547x517x25.0;Cajon HSS;520x490x19.0;Cajon HSS;280x280x16.0;457
94;11.6;2.1;9;9.9;X;T;150x150x12.5;Cajon HSS;517x527x25.0;Cajon HSS;490x500x19.0;Cajon HSS;280x280x16.0;447.88
94;11.6;2.1;9;9.9;X;L;150x150x12.5;Cajon HSS;527x537x25.0;Cajon HSS;500x510x19.0;Cajon HSS;280x280x16.0;457.19
94;11.6;2.1;9;10;X;T;150x150x12.5;Cajon HSS;537x547x25.0;Cajon HSS;510x520x19.0;Cajon HSS;280x280x16.0;466.71
94;11.6;2.1;9;10;X;L;150x150x12.5;Cajon HSS;547x517x25.0;Cajon HSS;520x490x19.0;Cajon HSS;280x280x16.0;457.39
94;11.6;2.1;9;10.1;X;T;150x150x12.5;Cajon HSS;517x527x25.0;Cajon HSS;490x500x19.0;Cajon HSS;280x280x16.0;448.26
94;11.6;2.1;9;10.1;X;L;150x150x12.5;Cajon HSS;527x537x25.0;Cajon HSS;500x510x19.0;Cajon HSS;280x280x16.0;457.58
94;11.6;2.1;9;10.2;X;T;150x150x12.5;Cajon HSS;537x547x25.0;Cajon HSS;510x520x19.0;Cajon HSS;280x280x16.0;467.11
94;11.6;2.1;9;10.2;X;L;150x150x12.5;Cajon HSS;547x517x25.0;Cajon HSS;520x490x19.0;Cajon HSS;280x280x16.0;457.78
94;11.6;2.1;9;10.3;X;T;150x150x12.5;Cajon HSS;517x527x25.0;Cajon HSS;490x500x19.0;Cajon HSS;280x280x16.0;448.64
94;11.6;2.1;9;10.3;X;L;150x150x12.5;Cajon HSS;527x537x25.0;Cajon HSS;500x510x19.0;Cajon HSS;280x280x16.0;457.97
94;11.6;2.1;9;10.4;X;T;150x150x12.5;Cajon HSS;537x547x25.0;Cajon HSS;510x520x19.0;Cajon HSS;280x280x16.0;467.5
94;11.6;2.1;9;10.4;X;L;150x150x12.5;Cajon HSS;547x517x25.0;Cajon HSS;520x490x19.0;Cajon HSS;280x280x16.0;458.17
95;11.6;2.1;10;9.5;X;T;150x150x12.5;Cajon HSS;520x530x25.0;Cajon HSS;490x500x19.0;Cajon HSS;280x280x16.0;491.21
95;11.6;2.1;10;9.5;X;L;150x150x12.5;Cajon HSS;530x540x25.0;Cajon HSS;500x510x19.0;Cajon HSS;280x280x16.0;501.42
95;11.6;2.1;10;9.6;X;T;150x150x12.5;Cajon HSS;540x550x25.0;Cajon HSS;510x520x19.0;Cajon HSS;280x280x16.0;511.85
95;11.6;2.1;10;9.6;X;L;150x150x12.5;Cajon HSS;550x520x25.0;Cajon HSS;520x490x19.0;Cajon HSS;280x280x16.0;501.63
95;11.6;2.1;10;9.7;X;T;150x150x12.5;Cajon HSS;520x530x25.0;Cajon HSS;490x500x19.0;Cajon HSS;280x280x16.0;491.62
95;11.6;2.1;10;9.7;X;L;150x150x12.5;Cajon HSS;530x540x25.0;Cajon HSS;500x510x19.0;Cajon HSS;280x280x16.0;501.84
95;11.6;2.1;10;9.8;X;T;150x150x12.5;Cajon HSS;540x550x25.0;Cajon HSS;510x520x19.0;Cajon HSS;280x280x16.0;512.28
95;11.6;2.1;10;9.8;X;L;150x150x12.5;Cajon HSS;550x520x25.0;Cajon HSS;520x490x19.0;Cajon HSS;280x280x16.0;502.05
95;11.6;2.1;10;9.9;X;T;150x150x12.5;Cajon HSS;520x530x25.0;Cajon HSS;490x500x19.0;Cajon HSS;280x280x16.0;492.03
95;11.6;2.1;10;9.9;X;L;150x150x12.5;Cajon HSS;530x540x25.0;Cajon HSS;500x510x19.0;Cajon HSS;280x280x16.0;502.26
95;11.6;2.1;10;10;X;T;150x150x12.5;Cajon HSS;540x550x25.0;Cajon HSS;510x520x19.0;Cajon HSS;280x280x16.0;512.71
95;11.6;2.1;10;10;X;L;150x150x12.5;Cajon HSS;550x520x25.0;Cajon HSS;520x490x19.0;Cajon HSS;280x280x16.0;502.47
95;11.6;2.1;10;10.1;X;T;150x150x12.5;Cajon HSS;520x530x25.0;Cajon HSS;490x500x19.0;Cajon HSS;280x280x16.0;492.45
95;11.6;2.1;10;10.1;X;L;150x150x12.5;Cajon HSS;530x540x25.0;Cajon HSS;500x510x19.0;Cajon HSS;280x280x16.0;502.69
95;11.6;2.1;10;10.2;X;T;150x150x12.5;Cajon HSS;540x550x25.0;Cajon HSS;510x520x19.0;Cajon HSS;280x280x16.0;513.14
95;11.6;2.1;10;10.2;X;L;150x150x12.5;Cajon HSS;550x520x25.0;Cajon HSS;520x490x19.0;Cajon HSS;280x280x16.0;502.9
95;11.6;2.1;10;10.3;X;T;150x150x12.5;Cajon HSS;520x530x25.0;Cajon HSS;490x500x19.0;Cajon HSS;280x280x16.0;492.86
95;11.6;2.1;10;10.3;X;L;150x150x12.5;Cajon HSS;530x540x25.0;Cajon HSS;500x510x19.0;Cajon HSS;280x280x16.0;503.11
95;11.6;2.1;10;10.4;X;T;150x150x12.5;Cajon HSS;540x550x25.0;Cajon HSS;510x520x19.0;Cajon HSS;280x280x16.0;513.57
95;11.6;2.1;10;10.4;X;L;150x150x12.5;Cajon HSS;550x520x25.0;Cajon HSS;520x490x19.0;Cajon HSS;280x280x16.0;503.32
95;11.6;2.1;10;10.5;X;T;150x150x12.5;Cajon HSS;520x530x25.0;Cajon HSS;490x500x19.0;Cajon HSS;280x280x16.0;493.27
95;11.6;2.1;10;10.5;X;L;150x150x12.5;Cajon HSS;530x540x25.0;Cajon HSS;500x510x19.0;Cajon HSS;280x280x16.0;503.53
96;11.6;2.1;10;9.6;X;T;150x150x12.5;Cajon HSS;543x553x25.0;Cajon HSS;520x530x19.0;Cajon HSS;280x280x16.0;526.3
96;11.6;2.1;10;9.6;X;L;150x150x12.5;Cajon HSS;553x523x25.0;Cajon HSS;530x500x19.0;Cajon HSS;280x280x16.0;515.97
96;11.6;2.1;10;9.7;X;T;150x150x12.5;Cajon HSS;523x533x25.0;Cajon HSS;500x510x19.0;Cajon HSS;280x280x16.0;505.85
96;11.6;2.1;10;9.7;X;L;150x150x12.5;Cajon HSS;533x543x25.0;Cajon HSS;510x520x19.0;Cajon HSS;280x280x16.0;516.19
96;11.6;2.1;10;9.8;X;T;150x150x12.5;Cajon HSS;543x553x25.0;Cajon HSS;520x530x19.0;Cajon HSS;280x280x16.0;526.74
96;11.6;2.1;10;9.8;X;L;150x150x12.5;Cajon HSS;553x523x25.0;Cajon HSS;530x500x19.0;Cajon HSS;280x280x16.0;516.4
96;11.6;2.1;10;9.9;X;T;150x150x12.5;Cajon HSS;523x533x25.0;Cajon HSS;500x510x19.0;Cajon HSS;280x280x16.0;506.27
96;11.6;2.1;10;9.9;X;L;150x150x12.5;Cajon HSS;533x543x25.0;Cajon HSS;510x520x19.0;Cajon HSS;280x280x16.0;516.62
96;11.6;2.1;10;10;X;T;150x150x12.5;Cajon HSS;543x553x25.0;Cajon HSS;520x530x19.0;Cajon HSS;280x280x16.0;527.18
96;11.6;2.1;10;10;X;L;150x150x12.5;Cajon HSS;553x523x25.0;Cajon HSS;530x500x19.0;Cajon HSS;280x280x16.0;516.83
96;11.6;2.1;10;10.1;X;T;150x150x12.5;Cajon HSS;523x533x25.0;Cajon HSS;500x510x19.0;Cajon HSS;280x280x16.0;506.7
96;11.6;2.1;10;10.1;X;L;150x150x12.5;Cajon HSS;533x543x25.0;Cajon HSS;510x520x19.0;Cajon HSS;280x280x16.0;517.05
96;11.6;2.1;10;10.2;X;T;150x150x12.5;Cajon HSS;543x553x25.0;Cajon HSS;520x530x19.0;Cajon HSS;280x280x16.0;527.62
96;11.6;2.1;10;10.2;X;L;150x150x12.5;Cajon HSS;553x523x25.0;Cajon HSS;530x500x19.0;Cajon HSS;280x280x16.0;517.26
96;11.6;2.1;10;10.3;X;T;150x150x12.5;Cajon HSS;523x533x25.0;Cajon HSS;500x510x19.0;Cajon HSS;280x280x16.0;507.12
96;11.6;2.1;10;10.3;X;L;150x150x12.5;Cajon HSS;533x543x25.0;Cajon HSS;510x520x19.0;Cajon HSS;280x280x16.0;517.48
96;11.6;2.1;10;10.4;X;T;150x150x12.5;Cajon HSS;543x553x25.0;Cajon HSS;520x530x19.0;Cajon HSS;280x280x16.0;528.05
96;11.6;2.1;10;10.4;X;L;150x150x12.5;Cajon HSS;553x523x25.0;Cajon HSS;530x500x19.0;Cajon HSS;280x280x16.0;517.69
96;11.6;2.1;10;10.5;X;T;150x150x12.5;Cajon HSS;523x533x25.0;Cajon HSS;500x510x19.0;Cajon HSS;280x280x16.0;507.54
96;11.6;2.1;10;10.5;X;L;150x150x12.5;Cajon HSS;533x543x25.0;Cajon HSS;510x520x19.0;Cajon HSS;280x280x16.0;517.91
96;11.6;2.1;10;10.6;X;T;150x150x12.5;Cajon HSS;543x553x25.0;Cajon HSS;520x530x19.0;Cajon HSS;280x280x16.0;528.49
96;11.6;2.1;10;10.6;X;L;150x150x12.5;Cajon HSS;553x523x25.0;Cajon HSS;530x500x19.0;Cajon HSS;280x280x16.0;518.12
97;11.6;2.1;10;9.7;X;T;150x150x12.5;Cajon HSS;526x536x25.0;Cajon HSS;500x510x19.0;Cajon HSS;280x280x16.0;512.02
97;11.6;2.1;10;9.7;X;L;150x150x12.5;Cajon HSS;536x546x25.0;Cajon HSS;510x520x19.0;Cajon HSS;280x280x16.0;522.46
97;11.6;2.1;10;9.8;X;T;150x150x12.5;Cajon HSS;546x556x25.0;Cajon HSS;520x530x19.0;Cajon HSS;280x280x16.0;533.13
97;11.6;2.1;10;9.8;X;L;150x150x12.5;Cajon HSS;556x526x25.0;Cajon HSS;530x500x19.0;Cajon HSS;280x280x16.0;522.68
97;11.6;2.1;10;9.9;X;T;150x150x12.5;Cajon HSS;526x536x25.0;Cajon HSS;500x510x19.0;Cajon HSS;280x280x16.0;512.44
97;11.6;2.1;10;9.9;X;L;150x150x12.5;Cajon HSS;536x546x25.0;Cajon HSS;510x520x19.0;Cajon HSS;280x280x16.0;522.89
97;11.6;2.1;10;10;X;T;150x150x12.5;Cajon HSS;546x556x25.0;Cajon HSS;520x530x19.0;Cajon HSS;280x280x16.0;533.57
97;11.6;2.1;10;10;X;L;150x150x12.5;Cajon HSS;556x526x25.0;Cajon HSS;530x500x19.0;Cajon HSS;280x280x16.0;523.11
97;11.6;2.1;10;10.1;X;T;150x150x12.5;Cajon HSS;526x536x25.0;Cajon HSS;500x510x19.0;Cajon HSS;280x280x16.0;512.86
97;11.6;2.1;10;10.1;X;L;150x150x12.5;Cajon HSS;536x546x25.0;Cajon HSS;510x520x19.0;Cajon HSS;280x280x16.0;523.32
97;11.6;2.1;10;10.2;X;T;150x150x12.5;Cajon HSS;546x556x25.0;Cajon HSS;520x530x19.0;Cajon HSS;280x280x16.0;534.01
97;11.6;2.1;10;10.2;X;L;150x150x12.5;Cajon HSS;556x526x25.0;Cajon HSS;530x500x19.0;Cajon HSS;280x280x16.0;523.54
97;11.6;2.1;10;10.3;X;T;150x150x12.5;Cajon HSS;526x536x25.0;Cajon HSS;500x510x19.0;Cajon HSS;280x280x16.0;513.28
97;11.6;2.1;10;10.3;X;L;150x150x12.5;Cajon HSS;536x546x25.0;Cajon HSS;510x520x19.0;Cajon HSS;280x280x16.0;523.76
97;11.6;2.1;10;10.4;X;T;150x150x12.5;Cajon HSS;546x556x25.0;Cajon HSS;520x530x19.0;Cajon HSS;280x280x16.0;534.45
97;11.6;2.1;10;10.4;X;L;150x150x12.5;Cajon HSS;556x526x25.0;Cajon HSS;530x500x19.0;Cajon HSS;280x280x16.0;523.97
97;11.6;2.1;10;10.5;X;T;150x150x12.5;Cajon HSS;526x536x25.0;Cajon HSS;500x510x19.0;Cajon HSS;280x280x16.0;513.71
97;11.6;2.1;10;10.5;X;L;150x150x12.5;Cajon HSS;536x546x25.0;Cajon HSS;510x520x19.0;Cajon HSS;280x280x16.0;524.19
97;11.6;2.1;10;10.6;X;T;150x150x12.5;Cajon HSS;546x556x25.0;Cajon HSS;520x530x19.0;Cajon HSS;280x280x16.0;534.89
97;11.6;2.1;10;10.6;X;L;150x150x12.5;Cajon HSS;556x526x25.0;Cajon HSS;530x500x19.0;Cajon HSS;280x280x16.0;524.4
97;11.6;2.1;10;10.7;X;T;150x150x12.5;Cajon HSS;526x536x25.0;Cajon HSS;500x510x19.0;Cajon HSS;280x280x16.0;514.13
97;11.6;2.1;10;10.7;X;L;150x150x12.5;Cajon HSS;536x546x25.0;Cajon HSS;510x520x19.0;Cajon HSS;280x280x16.0;524.62
98;11.6;2.1;10;9.8;X;T;150x150x12.5;Cajon HSS;549x559x25.0;Cajon HSS;520x530x19.0;Cajon HSS;290x290x16.0;539.54
98;11.6;2.1;10;9.8;X;L;150x150x12.5;Cajon HSS;559x529x25.0;Cajon HSS;530x500x19.0;Cajon HSS;290x290x16.0;528.98
98;11.6;2.1;10;9.9;X;T;150x150x12.5;Cajon HSS;529x539x25.0;Cajon HSS;500x510x19.0;Cajon HSS;290x290x16.0;518.63
98;11.6;2.1;10;9.9;X;L;150x150x12.5;Cajon HSS;539x549x25.0;Cajon HSS;510x520x19.0;Cajon HSS;290x290x16.0;529.19
98;11.6;2.1;10;10;X;T;150x150x12.5;Cajon HSS;549x559x25.0;Cajon HSS;520x530x19.0;Cajon HSS;290x290x16.0;539.98
98;11.6;2.1;10;10;X;L;150x150x12.5;Cajon HSS;559x529x25.0;Cajon HSS;530x500x19.0;Cajon HSS;290x290x16.0;529.41
98;11.6;2.1;10;10.1;X;T;150x150x12.5;Cajon HSS;529x539x25.0;Cajon HSS;500x510x19.0;Cajon HSS;290x290x16.0;519.05
98;11.6;2.1;10;10.1;X;L;150x150x12.5;Cajon HSS;539x549x25.0;Cajon HSS;510x520x19.0;Cajon HSS;290x290x16.0;529.63
98;11.6;2.1;10;10.2;X;T;150x150x12.5;Cajon HSS;549x559x25.0;Cajon HSS;520x530x19.0;Cajon HSS;290x290x16.0;540.42
98;11.6;2.1;10;10.2;X;L;150x150x12.5;Cajon HSS;559x529x25.0;Cajon HSS;530x500x19.0;Cajon HSS;290x290x16.0;529.84
98;11.6;2.1;10;10.3;X;T;150x150x12.5;Cajon HSS;529x539x25.0;Cajon HSS;500x510x19.0;Cajon HSS;290x290x16.0;519.47
98;11.6;2.1;10;10.3;X;L;150x150x12.5;Cajon HSS;539x549x25.0;Cajon HSS;510x520x19.0;Cajon HSS;290x290x16.0;530.06
98;11.6;2.1;10;10.4;X;T;150x150x12.5;Cajon HSS;549x559x25.0;Cajon HSS;520x530x19.0;Cajon HSS;290x290x16.0;540.86
98;11.6;2.1;10;10.4;X;L;150x150x12.5;Cajon HSS;559x529x25.0;Cajon HSS;530x500x19.0;Cajon HSS;290x290x16.0;530.27
98;11.6;2.1;10;10.5;X;T;150x150x12.5;Cajon HSS;529x539x25.0;Cajon HSS;500x510x19.0;Cajon HSS;290x290x16.0;519.9
98;11.6;2.1;10;10.5;X;L;150x150x12.5;Cajon HSS;539x549x25.0;Cajon HSS;510x520x19.0;Cajon HSS;290x290x16.0;530.49
98;11.6;2.1;10;10.6;X;T;150x150x12.5;Cajon HSS;549x559x25.0;Cajon HSS;520x530x19.0;Cajon HSS;290x290x16.0;541.3
98;11.6;2.1;10;10.6;X;L;150x150x12.5;Cajon HSS;559x529x25.0;Cajon HSS;530x500x19.0;Cajon HSS;290x290x16.0;530.71
98;11.6;2.1;10;10.7;X;T;150x150x12.5;Cajon HSS;529x539x25.0;Cajon HSS;500x510x19.0;Cajon HSS;290x290x16.0;520.32
98;11.6;2.1;10;10.7;X;L;150x150x12.5;Cajon HSS;539x549x25.0;Cajon HSS;510x520x19.0;Cajon HSS;290x290x16.0;530.92
98;11.6;2.1;10;10.8;X;T;150x150x12.5;Cajon HSS;549x559x25.0;Cajon HSS;520x530x19.0;Cajon HSS;290x290x16.0;541.74
98;11.6;2.1;10;10.8;X;L;150x150x12.5;Cajon HSS;559x529x25.0;Cajon HSS;530x500x19.0;Cajon HSS;290x290x16.0;531.14
99;11.6;2.1;10;9.9;X;T;150x150x12.5;Cajon HSS;532x542x25.0;Cajon HSS;510x510x19.0;Cajon HSS;290x290x16.0;529.07
99;11.6;2.1;10;9.9;X;L;150x150x12.5;Cajon HSS;542x552x25.0;Cajon HSS;510x520x19.0;Cajon HSS;290x290x16.0;535.52
99;11.6;2.1;10;10;X;T;150x150x12.5;Cajon HSS;552x562x25.0;Cajon HSS;520x530x19.0;Cajon HSS;290x290x16.0;546.42
99;11.6;2.1;10;10;X;L;150x150x12.5;Cajon HSS;562x532x25.0;Cajon HSS;530x510x19.0;Cajon HSS;290x290x16.0;539.96
99;11.6;2.1;10;10.1;X;T;150x150x12.5;Cajon HSS;532x542x25.0;Cajon HSS;510x510x19.0;Cajon HSS;290x290x16.0;529.49
99;11.6;2.1;10;10.1;X;L;150x150x12.5;Cajon HSS;542x552x25.0;Cajon HSS;510x520x19.0;Cajon HSS;290x290x16.0;535.95
99;11.6;2.1;10;10.2;X;T;150x150x12.5;Cajon HSS;552x562x25.0;Cajon HSS;520x530x19.0;Cajon HSS;290x290x16.0;546.86
99;11.6;2.1;10;10.2;X;L;150x150x12.5;Cajon HSS;562x532x25.0;Cajon HSS;530x510x19.0;Cajon HSS;290x290x16.0;540.4
99;11.6;2.1;10;10.3;X;T;150x150x12.5;Cajon HSS;532x542x25.0;Cajon HSS;510x510x19.0;Cajon HSS;290x290x16.0;529.92
99;11.6;2.1;10;10.3;X;L;150x150x12.5;Cajon HSS;542x552x25.0;Cajon HSS;510x520x19.0;Cajon HSS;290x290x16.0;536.38
99;11.6;2.1;10;10.4;X;T;150x150x12.5;Cajon HSS;552x562x25.0;Cajon HSS;520x530x19.0;Cajon HSS;290x290x16.0;547.3
99;11.6;2.1;10;10.4;X;L;150x150x12.5;Cajon HSS;562x532x25.0;Cajon HSS;530x510x19.0;Cajon HSS;290x290x16.0;540.84
99;11.6;2.1;10;10.5;X;T;150x150x12.5;Cajon HSS;532x542x25.0;Cajon HSS;510x510x19.0;Cajon HSS;290x290x16.0;530.35
99;11.6;2.1;10;10.5;X;L;150x150x12.5;Cajon HSS;542x552x25.0;Cajon HSS;510x520x19.0;Cajon HSS;290x290x16.0;536.82
99;11.6;2.1;10;10.6;X;T;150x150x12.5;Cajon HSS;552x562x25.0;Cajon HSS;520x530x19.0;Cajon HSS;290x290x16.0;547.74
99;11.6;2.1;10;10.6;X;L;150x150x12.5;Cajon HSS;562x532x25.0;Cajon HSS;530x510x19.0;Cajon HSS;290x290x16.0;541.27
99;11.6;2.1;10;10.7;X;T;150x150x12.5;Cajon HSS;532x542x25.0;Cajon HSS;510x510x19.0;Cajon HSS;290x290x16.0;530.78
99;11.6;2.1;10;10.7;X;L;150x150x12.5;Cajon HSS;542x552x25.0;Cajon HSS;510x520x19.0;Cajon HSS;290x290x16.0;537.25
99;11.6;2.1;10;10.8;X;T;150x150x12.5;Cajon HSS;552x562x25.0;Cajon HSS;520x530x19.0;Cajon HSS;290x290x16.0;548.19
99;11.6;2.1;10;10.8;X;L;150x150x12.5;Cajon HSS;562x532x25.0;Cajon HSS;530x510x19.0;Cajon HSS;290x290x16.0;541.71
99;11.6;2.1;10;10.9;X;T;150x150x12.5;Cajon HSS;532x542x25.0;Cajon HSS;510x510x19.0;Cajon HSS;290x290x16.0;531.2
99;11.6;2.1;10;10.9;X;L;150x150x12.5;Cajon HSS;542x552x25.0;Cajon HSS;510x520x19.0;Cajon HSS;290x290x16.0;537.68
100;11.6;2.1;10;10;X;T;150x150x12.5;Cajon HSS;555x565x25.0;Cajon HSS;530x540x19.0;Cajon HSS;290x290x16.0;561.43
100;11.6;2.1;10;10;X;L;150x150x12.5;Cajon HSS;565x535x25.0;Cajon HSS;540x510x19.0;Cajon HSS;290x290x16.0;550.63
100;11.6;2.1;10;10.1;X;T;150x150x12.5;Cajon HSS;535x545x25.0;Cajon HSS;510x520x19.0;Cajon HSS;290x290x16.0;540.05
100;11.6;2.1;10;10.1;X;L;150x150x12.5;Cajon HSS;545x555x25.0;Cajon HSS;520x530x19.0;Cajon HSS;290x290x16.0;550.85
100;11.6;2.1;10;10.2;X;T;150x150x12.5;Cajon HSS;555x565x25.0;Cajon HSS;530x540x19.0;Cajon HSS;290x290x16.0;561.88
100;11.6;2.1;10;10.2;X;L;150x150x12.5;Cajon HSS;565x535x25.0;Cajon HSS;540x510x19.0;Cajon HSS;290x290x16.0;551.07
100;11.6;2.1;10;10.3;X;T;150x150x12.5;Cajon HSS;535x545x25.0;Cajon HSS;510x520x19.0;Cajon HSS;290x290x16.0;540.48
100;11.6;2.1;10;10.3;X;L;150x150x12.5;Cajon HSS;545x555x25.0;Cajon HSS;520x530x19.0;Cajon HSS;290x290x16.0;551.29
100;11.6;2.1;10;10.4;X;T;150x150x12.5;Cajon HSS;555x565x25.0;Cajon HSS;530x540x19.0;Cajon HSS;290x290x16.0;562.33
100;11.6;2.1;10;10.4;X;L;150x150x12.5;Cajon HSS;565x535x25.0;Cajon HSS;540x510x19.0;Cajon HSS;290x290x16.0;551.51
100;11.6;2.1;10;10.5;X;T;150x150x12.5;Cajon HSS;535x545x25.0;Cajon HSS;510x520x19.0;Cajon HSS;290x290x16.0;540.91
100;11.6;2.1;10;10.5;X;L;150x150x12.5;Cajon HSS;545x555x25.0;Cajon HSS;520x530x19.0;Cajon HSS;290x290x16.0;551.73
100;11.6;2.1;10;10.6;X;T;150x150x12.5;Cajon HSS;555x565x25.0;Cajon HSS;530x540x19.0;Cajon HSS;290x290x16.0;562.78
100;11.6;2.1;10;10.6;X;L;150x150x12.5;Cajon HSS;565x535x25.0;Cajon HSS;540x510x19.0;Cajon HSS;290x290x16.0;551.95
100;11.6;2.1;10;10.7;X;T;150x150x12.5;Cajon HSS;535x545x25.0;Cajon HSS;510x520x19.0;Cajon HSS;290x290x16.0;541.35
100;11.6;2.1;10;10.7;X;L;150x150x12.5;Cajon HSS;545x555x25.0;Cajon HSS;520x530x19.0;Cajon HSS;290x290x16.0;552.17
100;11.6;2.1;10;10.8;X;T;150x150x12.5;Cajon HSS;555x565x25.0;Cajon HSS;530x540x19.0;Cajon HSS;290x290x16.0;563.23
100;11.6;2.1;10;10.8;X;L;150x150x12.5;Cajon HSS;565x535x25.0;Cajon HSS;540x510x19.0;Cajon HSS;290x290x16.0;552.39
100;11.6;2.1;10;10.9;X;T;150x150x12.5;Cajon HSS;535x545x25.0;Cajon HSS;510x520x19.0;Cajon HSS;290x290x16.0;541.78
100;11.6;2.1;10;10.9;X;L;150x150x12.5;Cajon HSS;545x555x25.0;Cajon HSS;520x530x19.0;Cajon HSS;290x290x16.0;552.61
100;11.6;2.1;10;11;X;T;150x150x12.5;Cajon HSS;555x565x25.0;Cajon HSS;530x540x19.0;Cajon HSS;290x290x16.0;563.68
100;11.6;2.1;10;11;X;L;150x150x12.5;Cajon HSS;565x535x25.0;Cajon HSS;540x510x19.0;Cajon HSS;290x290x16.0;552.83
