Modelo,MAE,RMSE,R2
Regresión Lineal,0.019573419638860754,0.025915266682862707,0.8640963542460551
KNN (k=5),0.00902426494430852,0.020644591964753878,0.9137553131245205
