Modelo,MAE (CV),RMSE (CV),R2 (CV)
Regresión Lineal (sin escalado),0.019099354732020613,0.026585124941671905,0.8289994843754362
Regresión Lineal (con escalado),0.019099354732020617,0.026585124941671916,0.828999484375436
KNN (k=5),0.011522452600655911,0.023365706324820608,0.8643802012295513
KNN (k=9),0.011879142989268602,0.02233582203596141,0.8780393349869495
