Modelo,MAE,RMSE,R2
Regresión Lineal (sin escalado),0.019573419638860754,0.025915266682862707,0.8640963542460551
KNN (k=9),0.01240666331247889,0.023774264673428976,0.8856242567666521
