{"pobj": [0.18712924647906815, 0.16857968866890558, 0.15485709862958397, 0.14918280844791065, 0.1423549283254432, 0.13407218139096236, 0.12522761088000994, 0.11667185334331713, 0.10855356500071009, 0.10535101669021765, 0.10660960903148729, 0.10757616842539554, 0.10840087960457918, 0.10910642198629299, 0.10961396091248618, 0.11020433878188636, 0.11087775737832023, 0.11148311832023149, 0.11180504392778237, 0.11202346537340295], "p": [1.085528956547128, 1.1779335419231827, 1.2783344075438698, 1.3868646734955548, 1.5041232251957064, 1.6311472784825185, 1.7691165988774074, 1.9189771694568747, 2.0, 2.0, 2.0, 2.0, 2.0, 2.0, 2.0, 2.0, 2.0, 2.0, 2.0], "gray_level": [0.3610558275914783, 0.35714119973232455, 0.35821177786411634, 0.35497249604045045, 0.35158358935923334, 0.35062755531296524, 0.3519206072414769, 0.35313021863288263, 0.3531901887525262, 0.34662605990032286, 0.3364961774494976, 0.3277000194784072, 0.32050250051486956, 0.3152740493253575, 0.31044866236451657, 0.30464595756455487, 0.29875565409850524, 0.29518427105893075, 0.2931420675624098]}