{"pobj": [0.1862474545279641, 0.17333086154803612, 0.16308506397911499, 0.15548446083766462, 0.1479830508918243, 0.14021644764299337, 0.13239434891276897, 0.12452553279072825, 0.11675501524177057, 0.1167089952206748, 0.11738283587418004, 0.11817207641150435, 0.1190669239473254, 0.11997491302040172, 0.12079969645703426, 0.12141017693630268, 0.12187537448138336, 0.12223216263067974, 0.12246981785669034, 0.12265797842491685], "p": [1.0853425760725057, 1.1796644324416294, 1.2853947432108779, 1.4021410287030631, 1.5292426307539535, 1.6672403260266224, 1.817508006558616, 1.9814762947824198, 2.0, 2.0, 2.0, 2.0, 2.0, 2.0, 2.0, 2.0, 2.0, 2.0, 2.0], "gray_level": [0.3592542332978346, 0.37434882029606903, 0.40059472935738544, 0.4121219840844158, 0.41041928369452774, 0.40648407202214437, 0.4054287348106274, 0.406260326127291, 0.40837584853228726, 0.402268674119231, 0.3955890885715806, 0.38808288218000414, 0.3813846793697453, 0.3753396958956554, 0.37042274232842676, 0.36504028092507373, 0.3623775844087782, 0.3606218129574305, 0.3586366255224179]}