{"pobj": [0.18911937316448765, 0.17466854456859976, 0.16165113985221902, 0.15139357663754896, 0.14487736470831986, 0.13783464289235925, 0.13060268306281136, 0.1235690237488954, 0.11598841393393211, 0.10853473375922162, 0.10142576427118168, 0.09485616258747478, 0.08913175777549306, 0.08409756926534764, 0.08215078768652428, 0.08458043011087366, 0.08686210495492125, 0.08828948196199521, 0.08931849928282759, 0.09018983936498916], "p": [1.0896437058689703, 1.1865427915439264, 1.2912396384985556, 1.4025890475080636, 1.5210398518120616, 1.6479918513235459, 1.7843569799671057, 1.9315364110280762, 2.0907451136072153, 2.262959902093582, 2.4491391939852827, 2.650092346943843, 2.8664535003241722, 3.0, 3.0, 3.0, 3.0, 3.0, 3.0], "gray_level": [0.40075129049537495, 0.39385094349143773, 0.38719647364538357, 0.3678729966718438, 0.3506370020147823, 0.3410777637879059, 0.33412525600223025, 0.3315758007906106, 0.33102101137654, 0.3304793004552181, 0.3295332776509045, 0.3273814405867026, 0.3234279312166015, 0.3189502716760816, 0.3123092890162287, 0.30224793214105444, 0.29565861518480513, 0.2905498221402741, 0.28678278859505674]}