{"pobj": [0.18677484581248002, 0.16889924173504994, 0.15411775964480598, 0.14583317490664172, 0.13900163557033696, 0.13048614307598314, 0.12121755256474427, 0.11258816471844245, 0.10428503029591013, 0.09999375765224915, 0.10070724458316628, 0.10116525089858419, 0.10152315030608619, 0.10192410134548319, 0.10233267424623312, 0.10277212077019561, 0.10322388764644158, 0.10368376511400007, 0.10402464779931123, 0.10431447061477024], "p": [1.085634294048521, 1.1779183594827867, 1.278000167553786, 1.3860133722712684, 1.5025514680741765, 1.6285823817643665, 1.765202046098729, 1.9130681739972182, 2.0, 2.0, 2.0, 2.0, 2.0, 2.0, 2.0, 2.0, 2.0, 2.0, 2.0], "gray_level": [0.36207390603136486, 0.355987887786839, 0.3556033442099234, 0.3512738296111385, 0.34705634948547043, 0.34508591143438777, 0.3451901543156215, 0.3440144553486145, 0.3437577250719377, 0.3427134535296468, 0.34023303294124563, 0.3384212597398227, 0.3366293752841706, 0.3341661043649823, 0.33121807701171485, 0.328415089624509, 0.32529009698373496, 0.32241110457570843, 0.3202533236658162]}