{"pobj": [0.18640218733711383, 0.1700988621747786, 0.1558412214438379, 0.14539965220906328, 0.13915219793711356, 0.13175701718702995, 0.1234665240239424, 0.11557082868548, 0.10774808065264271, 0.10017884310846861, 0.09302875935414892, 0.08555917581728884, 0.07805680700204515, 0.0703249367225885, 0.06139510813203135, 0.06491553990884907, 0.06580587227499819, 0.06659620006480091, 0.06752948822992662, 0.06879688952400718], "p": [1.0856897027173464, 1.1783871696801445, 1.279487208149568, 1.388179902131979, 1.5045675507123584, 1.6298243050697794, 1.7649636132722715, 1.9108547907453686, 2.068558259841221, 2.2388558933178797, 2.4227222519961575, 2.62154923344905, 2.836781282114213, 3.0, 3.0, 3.0, 3.0, 3.0, 3.0], "gray_level": [0.36260938669301523, 0.35962740404972565, 0.3636294780575266, 0.35546042732010874, 0.34473714333108646, 0.3390153673152845, 0.33577487649469123, 0.3332856161492663, 0.33203279628060295, 0.33005930585039084, 0.32810495326504907, 0.32754694400939005, 0.32787174196872426, 0.32912560449743455, 0.33689641514054675, 0.331256725363782, 0.32772239592675695, 0.32443470209770087, 0.3200969776561953]}