{"pobj": [0.33950579016763, 0.3198872410876976, 0.30345337535242745, 0.2900161335155548, 0.2791542429771539, 0.26769602493441824, 0.25609107547216126, 0.2440094115134669, 0.23152987618212545, 0.2185645806663855, 0.20503874033084113, 0.19121149685371097, 0.1773906927460137, 0.16292100459626296, 0.14221498249218306, 0.13498955928371284, 0.1373354008815913, 0.13863463803402337, 0.1396313526485247, 0.13624330902649243], "p": [1.0783177624916558, 1.1596323717313508, 1.2464274083531137, 1.3396173267684137, 1.4401431916584362, 1.548590947345415, 1.6656241060910548, 1.7920198729635317, 1.9288777021877448, 2.077383614395292, 2.238749728199406, 2.4142127195362173, 2.605092528587287, 2.8132348435010597, 3.0, 3.0, 3.0, 3.0, 3.0], "gray_level": [0.2911243017878334, 0.26278142235450463, 0.2572995044968885, 0.2565048180704731, 0.2591901652585828, 0.2617539291631591, 0.2643930647241526, 0.26742602703800294, 0.27216230373889566, 0.2782053507464399, 0.28489337563529255, 0.2916854744629893, 0.29839274710188834, 0.306491154090538, 0.3215472778605914, 0.3231389984482998, 0.32014848283879355, 0.3178927832129804, 0.3161097422157042]}