{"pobj": [0.18640218733711383, 0.1700988621747786, 0.1558412214438379, 0.14539965220906328, 0.13915219793711356, 0.13175701718702995, 0.1234665240239424, 0.11557082868548, 0.10774808065264271, 0.10405644482260328, 0.10543463603424176, 0.10639055031962345, 0.10700084002843087, 0.10743024371473284, 0.10769981015763663, 0.10797782897595774, 0.10817868703794703, 0.10837284123196604, 0.10855540250368341, 0.10874505274919578], "p": [1.0856897027173464, 1.1783871696801445, 1.279487208149568, 1.388179902131979, 1.5045675507123584, 1.6298243050697794, 1.7649636132722715, 1.9108547907453686, 2.0, 2.0, 2.0, 2.0, 2.0, 2.0, 2.0, 2.0, 2.0, 2.0, 2.0], "gray_level": [0.36260938669301523, 0.35962740404972565, 0.3636294780575266, 0.35546042732010874, 0.34473714333108646, 0.3390153673152845, 0.33577487649469123, 0.3332856161492663, 0.33203279628060295, 0.32827783396599886, 0.32274733438836567, 0.31932608292078957, 0.3167838922589463, 0.31515662947056483, 0.31361383967775236, 0.312235796853409, 0.3108984429200334, 0.3095565820562987, 0.308234533717669]}