{"pobj": [0.3329531931002213, 0.30640927047105576, 0.28624993017530304, 0.27609067003193266, 0.2679206407805802, 0.2582749813725612, 0.24687782687537302, 0.23476710924841931, 0.22198552466219604, 0.20889203822566163, 0.19594812612727885, 0.18322140684334007, 0.170800049820807, 0.15709149835938882, 0.14899951134865352, 0.1507431567220627, 0.1550923715486754, 0.15897631353581543, 0.16194778645354455, 0.1639191012299007], "p": [1.0892539416602744, 1.1837207762243123, 1.281246932652679, 1.3825939595829362, 1.489586566597644, 1.6041712052605024, 1.7275432647774145, 1.8607421864140532, 2.004918378650058, 2.160977757069108, 2.3298934551794286, 2.512696497671877, 2.710425121877381, 2.9246521217127723, 3.0, 3.0, 3.0, 3.0, 3.0], "gray_level": [0.3969976226715709, 0.37262109071223165, 0.33066774482401495, 0.2987357270613931, 0.28204861106000245, 0.27755210382027656, 0.2773889529614609, 0.27929883421017854, 0.28300049470880856, 0.2864577919222661, 0.2896507457228587, 0.292506523117576, 0.2947631190060353, 0.2981313946646534, 0.2945585477922126, 0.2874342367707554, 0.2794853584505818, 0.2719039297731968, 0.26623009500947065]}