Modelo,MAE,RMSE,R2
Regresión Lineal,0.01957341963886075,0.025915266682862693,0.8640963542460552
KNN (k=5),0.00902426494430852,0.020644591964753878,0.9137553131245205
