{"pobj": [0.33795212975066463, 0.3131480008412169, 0.2953565944492083, 0.2863716366432345, 0.2762973916949286, 0.2668666200696142, 0.25699293865437384, 0.24658160366486265, 0.23576210196606143, 0.22444971910623335, 0.21334153914957626, 0.20275985686886985, 0.193034024602586, 0.19298580519549155, 0.18677640287014352, 0.18250643303911074, 0.1848187139955692, 0.1871026930136808, 0.18816641130274797, 0.18922688342601995], "p": [1.091089200377457, 1.187121409505004, 1.285108487097685, 1.3875586208727089, 1.4959279287953637, 1.611547710673042, 1.7356437869209722, 1.8690663155933036, 2.012960676582328, 2.1684061911969796, 2.3362027490879735, 2.517200554088736, 2.711967396169567, 2.9142624367396093, 3.0, 3.0, 3.0, 3.0, 3.0], "gray_level": [0.41466057337260326, 0.38505686917883386, 0.33214350929517644, 0.30476896214649124, 0.2890121242415531, 0.2811162030111875, 0.2783363252487971, 0.2770482286021907, 0.2781708332070286, 0.2804603035088659, 0.28201962303816197, 0.28292306730774774, 0.2819411872461279, 0.2548240552359931, 0.2536215808732953, 0.2620801734735865, 0.2578628430161709, 0.2528661900493801, 0.2507974578285747]}